config,lead_scheme,lead,n,f1_1to5,f1_3plus
LSTM-level (default),"RQ2 grid (0,1,2,3,4,8,12)",0,828,0.4224245855983003,0.42246934114038254
LSTM-level (default),"RQ2 grid (0,1,2,3,4,8,12)",1,828,0.38206993249673205,0.38206993249673205
LSTM-level (default),"RQ2 grid (0,1,2,3,4,8,12)",2,828,0.42598214156185166,0.42598214156185166
LSTM-level (default),"RQ2 grid (0,1,2,3,4,8,12)",3,828,0.4180685183084646,0.4180685183084646
LSTM-level (default),"RQ2 grid (0,1,2,3,4,8,12)",4,828,0.430400545428597,0.430400545428597
LSTM-level (default),"RQ2 grid (0,1,2,3,4,8,12)",8,828,0.44913994916977606,0.44913994916977606
LSTM-level (default),"RQ2 grid (0,1,2,3,4,8,12)",12,828,0.4485476443499823,0.4485476443499823
LSTM-level (default),"RQ2 grid (0,1,2,3,4,8,12)",mean,5796,0.425233330987672,0.4252397246365409
LSTM-level (extended),"RQ2 grid (0,1,2,3,4,8,12)",0,1380,0.41507541610885024,0.4151753240588289
LSTM-level (extended),"RQ2 grid (0,1,2,3,4,8,12)",1,1380,0.36776156468775933,0.36776156468775933
LSTM-level (extended),"RQ2 grid (0,1,2,3,4,8,12)",2,1380,0.39795462743909854,0.39795462743909854
LSTM-level (extended),"RQ2 grid (0,1,2,3,4,8,12)",3,1380,0.41302463588935595,0.4130258764924842
LSTM-level (extended),"RQ2 grid (0,1,2,3,4,8,12)",4,1380,0.4256126180122198,0.4256126180122198
LSTM-level (extended),"RQ2 grid (0,1,2,3,4,8,12)",8,1380,0.4123629724380813,0.4123629724380813
LSTM-level (extended),"RQ2 grid (0,1,2,3,4,8,12)",12,1380,0.42904184150604974,0.42904184150604974
LSTM-level (extended),"RQ2 grid (0,1,2,3,4,8,12)",mean,9660,0.4086905251544878,0.40870497494778885
LSTM-delta (default),"RQ2 grid (0,1,2,3,4,8,12)",0,828,0.6601891544716987,0.6976294227530886
LSTM-delta (default),"RQ2 grid (0,1,2,3,4,8,12)",1,828,0.7109045639271251,0.7380987358899722
LSTM-delta (default),"RQ2 grid (0,1,2,3,4,8,12)",2,828,0.6850185044910717,0.720321399050659
LSTM-delta (default),"RQ2 grid (0,1,2,3,4,8,12)",3,828,0.6846712660976204,0.7175308864698191
LSTM-delta (default),"RQ2 grid (0,1,2,3,4,8,12)",4,828,0.6467299011151211,0.6806580609902774
LSTM-delta (default),"RQ2 grid (0,1,2,3,4,8,12)",8,828,0.6526707214055066,0.6822497414193092
LSTM-delta (default),"RQ2 grid (0,1,2,3,4,8,12)",12,828,0.6086062548175105,0.6658379292547386
LSTM-delta (default),"RQ2 grid (0,1,2,3,4,8,12)",mean,5796,0.6641129094750934,0.7003323108325521
LSTM-delta (extended),"RQ2 grid (0,1,2,3,4,8,12)",0,1380,0.643351634075215,0.6985534604411837
LSTM-delta (extended),"RQ2 grid (0,1,2,3,4,8,12)",1,1380,0.6854864721392867,0.734980443514536
LSTM-delta (extended),"RQ2 grid (0,1,2,3,4,8,12)",2,1380,0.6519375288040693,0.7083185885738466
LSTM-delta (extended),"RQ2 grid (0,1,2,3,4,8,12)",3,1380,0.6638365365255537,0.7093456689683514
LSTM-delta (extended),"RQ2 grid (0,1,2,3,4,8,12)",4,1380,0.6050632902077329,0.6622606279064712
LSTM-delta (extended),"RQ2 grid (0,1,2,3,4,8,12)",8,1380,0.6170720222163062,0.6714025163059961
LSTM-delta (extended),"RQ2 grid (0,1,2,3,4,8,12)",12,1380,0.6018376599561822,0.6676123230750639
LSTM-delta (extended),"RQ2 grid (0,1,2,3,4,8,12)",mean,9660,0.6383693062749065,0.6932105183979212
TabICLv2 (default),"RQ2 grid (0,1,2,3,4,8,12)",0,828,0.6822109050034297,0.7459275786734509
TabICLv2 (default),"RQ2 grid (0,1,2,3,4,8,12)",1,828,0.6771752892842063,0.7423453716332473
TabICLv2 (default),"RQ2 grid (0,1,2,3,4,8,12)",2,828,0.6592885341070813,0.7336597755694716
TabICLv2 (default),"RQ2 grid (0,1,2,3,4,8,12)",3,828,0.6181871507850729,0.6994570864143356
TabICLv2 (default),"RQ2 grid (0,1,2,3,4,8,12)",4,828,0.6037519403077686,0.6824987256985233
TabICLv2 (default),"RQ2 grid (0,1,2,3,4,8,12)",8,828,0.5779198353023225,0.6431317948555837
TabICLv2 (default),"RQ2 grid (0,1,2,3,4,8,12)",12,828,0.6165056977716604,0.6692166012730778
TabICLv2 (default),"RQ2 grid (0,1,2,3,4,8,12)",mean,5796,0.6335770503659345,0.7023195620168129
TabICLv2 (extended),"RQ2 grid (0,1,2,3,4,8,12)",0,1380,0.6621289528080824,0.7414140075402753
TabICLv2 (extended),"RQ2 grid (0,1,2,3,4,8,12)",1,1380,0.6616836328788008,0.7419388724197449
TabICLv2 (extended),"RQ2 grid (0,1,2,3,4,8,12)",2,1380,0.6361991221872099,0.7253383745220046
TabICLv2 (extended),"RQ2 grid (0,1,2,3,4,8,12)",3,1380,0.6324136259963424,0.7307695629556902
TabICLv2 (extended),"RQ2 grid (0,1,2,3,4,8,12)",4,1380,0.5925431363981633,0.6934769636306085
TabICLv2 (extended),"RQ2 grid (0,1,2,3,4,8,12)",8,1380,0.5995896229395534,0.6871415084045879
TabICLv2 (extended),"RQ2 grid (0,1,2,3,4,8,12)",12,1380,0.5915804419758335,0.665350591130089
TabICLv2 (extended),"RQ2 grid (0,1,2,3,4,8,12)",mean,9660,0.6251626478834265,0.7122042686575715
RandomForest-delta-noclimate (default),"RQ2 grid (0,1,2,3,4,8,12)",0,828,0.7374973607776505,0.7687895096780082
RandomForest-delta-noclimate (default),"RQ2 grid (0,1,2,3,4,8,12)",1,828,0.7336972957812266,0.7653304793647846
RandomForest-delta-noclimate (default),"RQ2 grid (0,1,2,3,4,8,12)",2,828,0.7383267951464787,0.766982510576019
RandomForest-delta-noclimate (default),"RQ2 grid (0,1,2,3,4,8,12)",3,828,0.7225212252944881,0.7588514007550985
RandomForest-delta-noclimate (default),"RQ2 grid (0,1,2,3,4,8,12)",4,828,0.7018899236632302,0.7501378209837966
RandomForest-delta-noclimate (default),"RQ2 grid (0,1,2,3,4,8,12)",8,828,0.6625760334911084,0.7116568088290954
RandomForest-delta-noclimate (default),"RQ2 grid (0,1,2,3,4,8,12)",12,828,0.6682609478415338,0.7187956033035532
RandomForest-delta-noclimate (default),"RQ2 grid (0,1,2,3,4,8,12)",mean,5796,0.7092527974279594,0.7486491619271937
RandomForest-delta-noclimate (extended),"RQ2 grid (0,1,2,3,4,8,12)",0,1380,0.7320375927205853,0.7883068537176083
RandomForest-delta-noclimate (extended),"RQ2 grid (0,1,2,3,4,8,12)",1,1380,0.727760796586468,0.7829380809229387
RandomForest-delta-noclimate (extended),"RQ2 grid (0,1,2,3,4,8,12)",2,1380,0.7330476782117965,0.788020868991818
RandomForest-delta-noclimate (extended),"RQ2 grid (0,1,2,3,4,8,12)",3,1380,0.7214477751872876,0.7771876235122245
RandomForest-delta-noclimate (extended),"RQ2 grid (0,1,2,3,4,8,12)",4,1380,0.7045519199533081,0.7654392814871686
RandomForest-delta-noclimate (extended),"RQ2 grid (0,1,2,3,4,8,12)",8,1380,0.6721115676621631,0.7378163446741265
RandomForest-delta-noclimate (extended),"RQ2 grid (0,1,2,3,4,8,12)",12,1380,0.6654946568790481,0.7231690434886487
RandomForest-delta-noclimate (extended),"RQ2 grid (0,1,2,3,4,8,12)",mean,9660,0.7080645696000938,0.766125442399219
T-GCN-CE (default),"RQ2 grid (0,1,2,3,4,8,12)",0,828,0.44901185770750984,0.44901185770750984
T-GCN-CE (default),"RQ2 grid (0,1,2,3,4,8,12)",1,828,0.40576519535930955,0.40576519535930955
T-GCN-CE (default),"RQ2 grid (0,1,2,3,4,8,12)",2,828,0.2952194297959869,0.2952194297959869
T-GCN-CE (default),"RQ2 grid (0,1,2,3,4,8,12)",3,828,0.2232310848310628,0.2232310848310628
T-GCN-CE (default),"RQ2 grid (0,1,2,3,4,8,12)",4,828,0.3053474395176384,0.33672466634581033
T-GCN-CE (default),"RQ2 grid (0,1,2,3,4,8,12)",8,828,0.3428346707588749,0.3428346707588749
T-GCN-CE (default),"RQ2 grid (0,1,2,3,4,8,12)",12,828,0.3293782884450454,0.32941622655613056
T-GCN-CE (default),"RQ2 grid (0,1,2,3,4,8,12)",mean,5796,0.3358268523450611,0.3403147330506693
T-GCN-CE (extended),"RQ2 grid (0,1,2,3,4,8,12)",0,1656,0.424026915167192,0.424026915167192
T-GCN-CE (extended),"RQ2 grid (0,1,2,3,4,8,12)",1,1656,0.30170587768818935,0.30170587768818935
T-GCN-CE (extended),"RQ2 grid (0,1,2,3,4,8,12)",2,1656,0.2861092463799004,0.2861092463799004
T-GCN-CE (extended),"RQ2 grid (0,1,2,3,4,8,12)",3,1656,0.18075289470162426,0.18075289470162426
T-GCN-CE (extended),"RQ2 grid (0,1,2,3,4,8,12)",4,1656,0.21842818608654085,0.25344012777212394
T-GCN-CE (extended),"RQ2 grid (0,1,2,3,4,8,12)",8,1656,0.38860418278063485,0.4166658491586013
T-GCN-CE (extended),"RQ2 grid (0,1,2,3,4,8,12)",12,1656,0.24465048410850954,0.24822465751963949
T-GCN-CE (extended),"RQ2 grid (0,1,2,3,4,8,12)",mean,11592,0.2920396838446559,0.30156079548389586
Ensemble 2-way blend (XGB+RF),"RQ2 grid (0,1,2,3,4,8,12)",0,828,0.7350406422606552,0.764868848319497
Ensemble 2-way blend (XGB+RF),"RQ2 grid (0,1,2,3,4,8,12)",1,828,0.7421274757214608,0.7713653918579008
Ensemble 2-way blend (XGB+RF),"RQ2 grid (0,1,2,3,4,8,12)",2,828,0.7385250913899433,0.7676122217501528
Ensemble 2-way blend (XGB+RF),"RQ2 grid (0,1,2,3,4,8,12)",3,828,0.7377328957301297,0.7664867916134973
Ensemble 2-way blend (XGB+RF),"RQ2 grid (0,1,2,3,4,8,12)",4,828,0.6989722790773044,0.7413945237261975
Ensemble 2-way blend (XGB+RF),"RQ2 grid (0,1,2,3,4,8,12)",8,828,0.6642164217422485,0.7093562534511719
Ensemble 2-way blend (XGB+RF),"RQ2 grid (0,1,2,3,4,8,12)",12,828,0.6520561323855872,0.6993788259761502
Ensemble 2-way blend (XGB+RF),"RQ2 grid (0,1,2,3,4,8,12)",mean,5796,0.709810134043904,0.7457804080992239
Ensemble 5-way (all),"RQ2 grid (0,1,2,3,4,8,12)",0,828,0.7142646537131533,0.7719431613411049
Ensemble 5-way (all),"RQ2 grid (0,1,2,3,4,8,12)",1,828,0.7204166925418181,0.7783789850173892
Ensemble 5-way (all),"RQ2 grid (0,1,2,3,4,8,12)",2,828,0.6672433070670066,0.7396112862499447
Ensemble 5-way (all),"RQ2 grid (0,1,2,3,4,8,12)",3,828,0.6925445335308287,0.7648641158413106
Ensemble 5-way (all),"RQ2 grid (0,1,2,3,4,8,12)",4,828,0.6728426644005241,0.7322222912738908
Ensemble 5-way (all),"RQ2 grid (0,1,2,3,4,8,12)",8,828,0.6223389378849233,0.6703845579320427
Ensemble 5-way (all),"RQ2 grid (0,1,2,3,4,8,12)",12,828,0.6686009110277424,0.7151193464127988
Ensemble 5-way (all),"RQ2 grid (0,1,2,3,4,8,12)",mean,5796,0.6797502428808567,0.7389319634383545
Ensemble 4-way champion (drop T-GCN),"RQ2 grid (0,1,2,3,4,8,12)",0,828,0.7409335402972499,0.765504444872493
Ensemble 4-way champion (drop T-GCN),"RQ2 grid (0,1,2,3,4,8,12)",1,828,0.7474262744740078,0.775668258126972
Ensemble 4-way champion (drop T-GCN),"RQ2 grid (0,1,2,3,4,8,12)",2,828,0.7427953232703525,0.7754989275144561
Ensemble 4-way champion (drop T-GCN),"RQ2 grid (0,1,2,3,4,8,12)",3,828,0.7492618356781886,0.7781527603936252
Ensemble 4-way champion (drop T-GCN),"RQ2 grid (0,1,2,3,4,8,12)",4,828,0.7243060751847068,0.7625441642065637
Ensemble 4-way champion (drop T-GCN),"RQ2 grid (0,1,2,3,4,8,12)",8,828,0.6754942712635447,0.728314036604836
Ensemble 4-way champion (drop T-GCN),"RQ2 grid (0,1,2,3,4,8,12)",12,828,0.6725638850589689,0.7212353169963085
Ensemble 4-way champion (drop T-GCN),"RQ2 grid (0,1,2,3,4,8,12)",mean,5796,0.7218258864610027,0.7581311298164649
Busker architecture,"RQ2 grid (0,1,2,3,4,8,12)",0,736,0.7041520737929458,0.7525865466807182
Busker architecture,"RQ2 grid (0,1,2,3,4,8,12)",1,736,0.7101361257426817,0.7639145701062369
Busker architecture,"RQ2 grid (0,1,2,3,4,8,12)",2,736,0.7159934466909739,0.7639924903774898
Busker architecture,"RQ2 grid (0,1,2,3,4,8,12)",3,736,0.6877782403534735,0.7328506749298966
Busker architecture,"RQ2 grid (0,1,2,3,4,8,12)",4,736,0.6582373109069899,0.6838479515653428
Busker architecture,"RQ2 grid (0,1,2,3,4,8,12)",8,736,0.6868842488805194,0.726839998083508
Busker architecture,"RQ2 grid (0,1,2,3,4,8,12)",12,736,0.6405726077274302,0.6757817373659077
Busker architecture,"RQ2 grid (0,1,2,3,4,8,12)",mean,5152,0.6862505791564306,0.7285448527298716
"XGBoost, Ethiopia (plain baseline)","RQ2 grid (0,1,2,3,4,8,12)",0,828,0.694191556450767,0.7462401191470671
"XGBoost, Ethiopia (plain baseline)","RQ2 grid (0,1,2,3,4,8,12)",1,828,0.689069969615753,0.7378303451982247
"XGBoost, Ethiopia (plain baseline)","RQ2 grid (0,1,2,3,4,8,12)",2,828,0.6880318068012025,0.747859274019974
"XGBoost, Ethiopia (plain baseline)","RQ2 grid (0,1,2,3,4,8,12)",3,828,0.6729170977338281,0.7176954438548852
"XGBoost, Ethiopia (plain baseline)","RQ2 grid (0,1,2,3,4,8,12)",4,828,0.670061514027442,0.7083176873377378
"XGBoost, Ethiopia (plain baseline)","RQ2 grid (0,1,2,3,4,8,12)",8,828,0.6281033459536663,0.6481695885490764
"XGBoost, Ethiopia (plain baseline)","RQ2 grid (0,1,2,3,4,8,12)",12,828,0.6518146346669699,0.6743572455757532
"XGBoost, Ethiopia (plain baseline)","RQ2 grid (0,1,2,3,4,8,12)",mean,5796,0.670598560749947,0.7114956719546741
"XGBoost, Ethiopia (best variant)","RQ2 grid (0,1,2,3,4,8,12)",0,828,0.7392262079923013,0.7643996323101352
"XGBoost, Ethiopia (best variant)","RQ2 grid (0,1,2,3,4,8,12)",1,828,0.7384610860595768,0.7663039642987637
"XGBoost, Ethiopia (best variant)","RQ2 grid (0,1,2,3,4,8,12)",2,828,0.7296034362539637,0.7608977765854799
"XGBoost, Ethiopia (best variant)","RQ2 grid (0,1,2,3,4,8,12)",3,828,0.7353105530237765,0.7667800135313739
"XGBoost, Ethiopia (best variant)","RQ2 grid (0,1,2,3,4,8,12)",4,828,0.7067097852652918,0.7491275603959914
"XGBoost, Ethiopia (best variant)","RQ2 grid (0,1,2,3,4,8,12)",8,828,0.6681079838016669,0.7062759871475822
"XGBoost, Ethiopia (best variant)","RQ2 grid (0,1,2,3,4,8,12)",12,828,0.63453550542697,0.6816203639588501
"XGBoost, Ethiopia (best variant)","RQ2 grid (0,1,2,3,4,8,12)",mean,5796,0.7074220796890781,0.7422007568897395
Persistence (default),"RQ2 grid (0,1,2,3,4,8,12)",0,828,0.7300129188532143,0.7523253199308839
Persistence (default),"RQ2 grid (0,1,2,3,4,8,12)",1,828,0.7300129188532143,0.7523253199308839
Persistence (default),"RQ2 grid (0,1,2,3,4,8,12)",2,828,0.7300129188532143,0.7523253199308839
Persistence (default),"RQ2 grid (0,1,2,3,4,8,12)",3,828,0.7300129188532143,0.7523253199308839
Persistence (default),"RQ2 grid (0,1,2,3,4,8,12)",4,828,0.6905437767552074,0.7235532665658455
Persistence (default),"RQ2 grid (0,1,2,3,4,8,12)",8,828,0.6663897210282682,0.7057575947901588
Persistence (default),"RQ2 grid (0,1,2,3,4,8,12)",12,828,0.6293011481867066,0.6689964372321805
Persistence (default),"RQ2 grid (0,1,2,3,4,8,12)",mean,5796,0.7008980459118627,0.7296583683302458
Persistence (extended),"RQ2 grid (0,1,2,3,4,8,12)",0,1380,0.7131415078322696,0.7588359493603654
Persistence (extended),"RQ2 grid (0,1,2,3,4,8,12)",1,1380,0.7131415078322696,0.7588359493603654
Persistence (extended),"RQ2 grid (0,1,2,3,4,8,12)",2,1380,0.7131415078322696,0.7588359493603654
Persistence (extended),"RQ2 grid (0,1,2,3,4,8,12)",3,1380,0.7131415078322696,0.7588359493603654
Persistence (extended),"RQ2 grid (0,1,2,3,4,8,12)",4,1380,0.6840836486682363,0.735002669038826
Persistence (extended),"RQ2 grid (0,1,2,3,4,8,12)",8,1380,0.676274855924964,0.7359108472986234
Persistence (extended),"RQ2 grid (0,1,2,3,4,8,12)",12,1380,0.6343688310544436,0.6922302570136791
Persistence (extended),"RQ2 grid (0,1,2,3,4,8,12)",mean,9660,0.6924704809966745,0.7426410815417986
FEWS NET outlook (2020-2024),"FEWS ML1/ML2 lead_end (0-3=ML1, 4-7=ML2)",0,1196,0.7714502236578589,0.8193705644897589
FEWS NET outlook (2020-2024),"FEWS ML1/ML2 lead_end (0-3=ML1, 4-7=ML2)",1,1288,0.7673275991442442,0.8118504526932409
FEWS NET outlook (2020-2024),"FEWS ML1/ML2 lead_end (0-3=ML1, 4-7=ML2)",2,1288,0.7501707962846634,0.8042562412252334
FEWS NET outlook (2020-2024),"FEWS ML1/ML2 lead_end (0-3=ML1, 4-7=ML2)",3,1380,0.7456757853644589,0.7986641402553479
FEWS NET outlook (2020-2024),"FEWS ML1/ML2 lead_end (0-3=ML1, 4-7=ML2)",4,1104,0.7257003412391427,0.779557117265355
FEWS NET outlook (2020-2024),"FEWS ML1/ML2 lead_end (0-3=ML1, 4-7=ML2)",5,1196,0.7221784523522788,0.7750471143647958
FEWS NET outlook (2020-2024),"FEWS ML1/ML2 lead_end (0-3=ML1, 4-7=ML2)",6,1288,0.7222512527306465,0.7636278887258128
FEWS NET outlook (2020-2024),"FEWS ML1/ML2 lead_end (0-3=ML1, 4-7=ML2)",7,1380,0.7114223215926816,0.7575402449104462
FEWS NET outlook (2020-2024),"FEWS ML1/ML2 lead_end (0-3=ML1, 4-7=ML2)",mean,10120,0.739522096545747,0.7887392204912489
FEWS NET outlook (2026-only),"FEWS ML1/ML2 lead_end (0-3=ML1, 4-7=ML2)",0,184,0.7261758102981724,0.7261758102981724
FEWS NET outlook (2026-only),"FEWS ML1/ML2 lead_end (0-3=ML1, 4-7=ML2)",1,184,0.7261758102981724,0.7261758102981724
FEWS NET outlook (2026-only),"FEWS ML1/ML2 lead_end (0-3=ML1, 4-7=ML2)",2,184,0.7261758102981724,0.7261758102981724
FEWS NET outlook (2026-only),"FEWS ML1/ML2 lead_end (0-3=ML1, 4-7=ML2)",3,184,0.7261758102981724,0.7261758102981724
FEWS NET outlook (2026-only),"FEWS ML1/ML2 lead_end (0-3=ML1, 4-7=ML2)",4,92,0.7032896349558742,0.7032896349558742
FEWS NET outlook (2026-only),"FEWS ML1/ML2 lead_end (0-3=ML1, 4-7=ML2)",5,92,0.7032896349558742,0.7032896349558742
FEWS NET outlook (2026-only),"FEWS ML1/ML2 lead_end (0-3=ML1, 4-7=ML2)",6,92,0.7032896349558742,0.7032896349558742
FEWS NET outlook (2026-only),"FEWS ML1/ML2 lead_end (0-3=ML1, 4-7=ML2)",7,92,0.7032896349558742,0.7032896349558742
FEWS NET outlook (2026-only),"FEWS ML1/ML2 lead_end (0-3=ML1, 4-7=ML2)",mean,1104,0.7147327226270233,0.7147327226270233
