model,target_mode,window,lhz,lead,n,accuracy,f1_weighted,mae,r2
LSTM,delta,default,agropastoral,0,45.0,0.5555555555555556,0.5819135802469135,0.5085964971118503,-0.0842227178117716
LSTM,delta,default,agropastoral,1,45.0,0.6888888888888889,0.6940130718954247,0.444030937883589,0.2152742030353424
LSTM,delta,default,agropastoral,2,45.0,0.5777777777777777,0.6061375661375661,0.4994764950540331,-0.015476511024510087
LSTM,delta,default,agropastoral,3,45.0,0.6444444444444445,0.6749485808309339,0.4675199058320787,0.11588719233230937
LSTM,delta,default,agropastoral,4,45.0,0.5111111111111111,0.5404616210413312,0.5735042214393615,-0.19432410925965993
LSTM,delta,default,agropastoral,8,45.0,0.5111111111111111,0.516969696969697,0.5631054997444153,-0.1714227492298468
LSTM,delta,default,agropastoral,12,45.0,0.4888888888888889,0.47947289607666965,0.5221732457478842,-0.01922810886370807
LSTM,delta,default,crop_farming,0,603.0,0.6716417910447762,0.6950085203349018,0.4306039973277951,0.4236865794819311
LSTM,delta,default,crop_farming,1,603.0,0.7346600331674958,0.7449638307465278,0.34599690512440495,0.5805316792458572
LSTM,delta,default,crop_farming,2,603.0,0.6898839137645107,0.7074089812503546,0.4081452498783915,0.399882055458065
LSTM,delta,default,crop_farming,3,603.0,0.7081260364842454,0.722465380213521,0.40017498527988665,0.4974910263397543
LSTM,delta,default,crop_farming,4,603.0,0.6550580431177446,0.6781485905284778,0.4575698097942283,0.3347810114476547
LSTM,delta,default,crop_farming,8,603.0,0.6616915422885572,0.6688550692979389,0.45928853295533417,0.26412914067290905
LSTM,delta,default,crop_farming,12,603.0,0.6533996683250415,0.6428891773332578,0.45485232926126734,0.2826174067853423
LSTM,delta,default,pastoral,0,180.0,0.5833333333333334,0.5772817059483727,0.4399010181427002,0.14624793237759215
LSTM,delta,default,pastoral,1,180.0,0.6055555555555555,0.6062551332839957,0.3781002660592397,0.37606535112515405
LSTM,delta,default,pastoral,2,180.0,0.6444444444444445,0.6513570150525064,0.40741739802890353,0.24348833390816216
LSTM,delta,default,pastoral,3,180.0,0.5777777777777777,0.5803716709633386,0.4244759115907881,0.25235455503921234
LSTM,delta,default,pastoral,4,180.0,0.5888888888888889,0.5840963321355478,0.4434938821527693,0.18953733514940285
LSTM,delta,default,pastoral,8,180.0,0.6444444444444445,0.635163905468474,0.40280039442910087,0.2791864520706111
LSTM,delta,default,pastoral,12,180.0,0.5222222222222223,0.5179655151052773,0.5150176015165117,0.0440864646895498
LSTM,delta,extended,agropastoral,0,75.0,0.56,0.5848828420256992,0.5189809433619181,-0.12656100805646253
LSTM,delta,extended,agropastoral,1,75.0,0.64,0.6515920209708846,0.45296029329299925,0.13639889927284488
LSTM,delta,extended,agropastoral,2,75.0,0.5333333333333333,0.5629447395396515,0.5288872003555298,-0.16333500927740596
LSTM,delta,extended,agropastoral,3,75.0,0.6266666666666667,0.6561329652634,0.5096332756678263,-0.0739116391398511
LSTM,delta,extended,agropastoral,4,75.0,0.5066666666666667,0.5439904225010608,0.611128679116567,-0.4393476023809666
LSTM,delta,extended,agropastoral,8,75.0,0.4533333333333333,0.48484193284193283,0.6199005850156148,-0.38868436227287684
LSTM,delta,extended,agropastoral,12,75.0,0.4666666666666667,0.4854433296172426,0.577722544670105,-0.19414399247310765
LSTM,delta,extended,crop_farming,0,1005.0,0.6537313432835821,0.679513962167533,0.4510373730564592,0.370831308102867
LSTM,delta,extended,crop_farming,1,1005.0,0.6985074626865672,0.7142491975897932,0.37895819939191067,0.5076621831827226
LSTM,delta,extended,crop_farming,2,1005.0,0.6597014925373135,0.6835170625537803,0.4495086531733992,0.29269124740047436
LSTM,delta,extended,crop_farming,3,1005.0,0.6766169154228856,0.6965546099425994,0.4392790523334522,0.40705895908568934
LSTM,delta,extended,crop_farming,4,1005.0,0.6159203980099502,0.6469255629720009,0.5159228446471751,0.16562773586432877
LSTM,delta,extended,crop_farming,8,1005.0,0.6258706467661691,0.6462017031051338,0.5084881222070153,0.15629605271323121
LSTM,delta,extended,crop_farming,12,1005.0,0.6447761194029851,0.6491579690053118,0.4618287608991215,0.28821623964670995
LSTM,delta,extended,pastoral,0,300.0,0.5433333333333333,0.542190628085365,0.4940508464972178,0.0838166523297208
LSTM,delta,extended,pastoral,1,300.0,0.6,0.6035658880596467,0.41677000840504963,0.3397860168037823
LSTM,delta,extended,pastoral,2,300.0,0.5733333333333334,0.5850736581633779,0.47655014753341673,0.11341667698608182
LSTM,delta,extended,pastoral,3,300.0,0.57,0.5670119700083733,0.4605790857474009,0.2157565864751193
LSTM,delta,extended,pastoral,4,300.0,0.4866666666666667,0.49255324376736564,0.5816361896197001,-0.2585957346222818
LSTM,delta,extended,pastoral,8,300.0,0.56,0.5693054498820048,0.5333400738239288,-0.14474615140494573
LSTM,delta,extended,pastoral,12,300.0,0.4633333333333333,0.4712398314221307,0.5807190648714702,-0.09777686038122035
LSTM,level,default,agropastoral,0,45.0,0.4444444444444444,0.40421052631578946,0.9586237887541453,-2.810530744263044
LSTM,level,default,agropastoral,1,45.0,0.26666666666666666,0.22753623188405797,1.1285688029395209,-3.6804831138433673
LSTM,level,default,agropastoral,2,45.0,0.3111111111111111,0.2609625668449198,1.06672154267629,-3.4980835147598857
LSTM,level,default,agropastoral,3,45.0,0.3111111111111111,0.27009448472863107,0.9026727822091845,-2.029088053291805
LSTM,level,default,agropastoral,4,45.0,0.35555555555555557,0.3277521423862888,1.1125074843565623,-4.032660159381278
LSTM,level,default,agropastoral,8,45.0,0.24444444444444444,0.1967479674796748,0.8942893531587389,-1.7805994388354476
LSTM,level,default,agropastoral,12,45.0,0.28888888888888886,0.22035087719298246,0.9349028183354272,-2.237527404946118
LSTM,level,default,crop_farming,0,603.0,0.603648424543947,0.5518852623330236,0.8179083483333809,-0.8785311899984463
LSTM,level,default,crop_farming,1,603.0,0.5953565505804311,0.5225191490408886,0.8133218286197577,-0.9574688906138913
LSTM,level,default,crop_farming,2,603.0,0.6252072968490879,0.5627507513626407,0.7679382921945594,-0.835181105250272
LSTM,level,default,crop_farming,3,603.0,0.6119402985074627,0.5506757211893114,0.5993788964910491,-0.37110957457398897
LSTM,level,default,crop_farming,4,603.0,0.6235489220563848,0.5670966233075043,0.887953810332031,-1.2195659063021091
LSTM,level,default,crop_farming,8,603.0,0.6301824212271974,0.5786201107898226,0.5600375346777648,-0.08859858728529724
LSTM,level,default,crop_farming,12,603.0,0.6434494195688225,0.5752790114442634,0.5960891415329517,-0.29359757397905306
LSTM,level,default,pastoral,0,180.0,0.17222222222222222,0.18014279376801062,1.6187255412340165,-7.573935327687213
LSTM,level,default,pastoral,1,180.0,0.13333333333333333,0.14027814864263463,1.7031546158923043,-8.273418868389777
LSTM,level,default,pastoral,2,180.0,0.18888888888888888,0.20082621082621085,1.6293355700042513,-7.796587646777555
LSTM,level,default,pastoral,3,180.0,0.18888888888888888,0.192616393442623,1.4524073713355594,-6.084138910937104
LSTM,level,default,pastoral,4,180.0,0.18333333333333332,0.18832699287244745,1.751978784468439,-9.076293425761659
LSTM,level,default,pastoral,8,180.0,0.25555555555555554,0.1686139747995418,1.0910789774523841,-3.4382547459680595
LSTM,level,default,pastoral,12,180.0,0.25555555555555554,0.17387689045147608,1.1697892197304303,-4.0735122901487975
LSTM,level,extended,agropastoral,0,75.0,0.4266666666666667,0.38433566433566435,0.9527301665147145,-2.738415162647995
LSTM,level,extended,agropastoral,1,75.0,0.25333333333333335,0.19539753086419753,1.1632300249735514,-3.7297509612269355
LSTM,level,extended,agropastoral,2,75.0,0.3466666666666667,0.3029192253188474,1.074810668627421,-3.396353737877625
LSTM,level,extended,agropastoral,3,75.0,0.32,0.27144418423106953,0.8689389673868815,-1.8916980100416714
LSTM,level,extended,agropastoral,4,75.0,0.4,0.36473659673659675,1.1287959877649942,-3.995689699040984
LSTM,level,extended,agropastoral,8,75.0,0.38666666666666666,0.3350949494949495,0.8352616286277771,-1.5556804862113034
LSTM,level,extended,agropastoral,12,75.0,0.3333333333333333,0.275137914913511,0.9384698323408762,-2.1699699644868784
LSTM,level,extended,crop_farming,0,1005.0,0.5960199004975124,0.5425336715749701,0.8139765593542981,-0.8535500117434698
LSTM,level,extended,crop_farming,1,1005.0,0.5860696517412936,0.5054410395769825,0.8354401270400232,-0.9909020309373608
LSTM,level,extended,crop_farming,2,1005.0,0.5950248756218905,0.5271451376521693,0.7992767067690987,-0.8908092782002572
LSTM,level,extended,crop_farming,3,1005.0,0.608955223880597,0.5471803953367501,0.6030108179025983,-0.3598797371752245
LSTM,level,extended,crop_farming,4,1005.0,0.6159203980099502,0.5607038331635754,0.9154154473572821,-1.2532419068743241
LSTM,level,extended,crop_farming,8,1005.0,0.5552238805970149,0.5206921285866732,0.5814804467395763,-0.0803758423239318
LSTM,level,extended,crop_farming,12,1005.0,0.6139303482587065,0.5574334329972199,0.6064902181056009,-0.2853746534669188
LSTM,level,extended,pastoral,0,300.0,0.17333333333333334,0.18077878835175545,1.6880563710133234,-7.242223552141208
LSTM,level,extended,pastoral,1,300.0,0.13,0.13750501383985547,1.7973001901308696,-8.040583679925845
LSTM,level,extended,pastoral,2,300.0,0.16666666666666666,0.1779960841899168,1.7397998789946238,-7.649864601119276
LSTM,level,extended,pastoral,3,300.0,0.18,0.18015640889061063,1.5556894838809967,-6.0473461416609435
LSTM,level,extended,pastoral,4,300.0,0.18,0.1789048378522063,1.8228577834367752,-8.636066119407818
LSTM,level,extended,pastoral,8,300.0,0.25,0.1608832807570978,1.1849947026371956,-3.5343850729304327
LSTM,level,extended,pastoral,12,300.0,0.22333333333333333,0.1613257000217061,1.31633318344752,-4.484428113224772
RandomForest,delta,default,agropastoral,0,45.0,0.6888888888888889,0.6859557109557108,0.357774549732791,0.3918732508884093
RandomForest,delta,default,agropastoral,1,45.0,0.6666666666666666,0.6623885918003565,0.344341090831878,0.41526584116719134
RandomForest,delta,default,agropastoral,2,45.0,0.6888888888888889,0.6859557109557108,0.3462007501922608,0.42303379755999126
RandomForest,delta,default,agropastoral,3,45.0,0.7333333333333333,0.7213675213675215,0.34854492470621623,0.4830526345159831
RandomForest,delta,default,agropastoral,4,45.0,0.7555555555555555,0.7155649717514124,0.3999108131232224,0.3970454455838932
RandomForest,delta,default,agropastoral,8,45.0,0.7333333333333333,0.623371989295272,0.4249354744631817,0.21037904850133982
RandomForest,delta,default,agropastoral,12,45.0,0.6888888888888889,0.5866666666666667,0.45842252584194165,0.09570299199159882
RandomForest,delta,default,crop_farming,0,603.0,0.7761194029850746,0.7717828208190378,0.26126468472784364,0.7292422927598662
RandomForest,delta,default,crop_farming,1,603.0,0.7446102819237148,0.7311171640431159,0.27454680820788985,0.6919126199395558
RandomForest,delta,default,crop_farming,2,603.0,0.7794361525704809,0.7743761265497421,0.2596419833067143,0.7244938954620066
RandomForest,delta,default,crop_farming,3,603.0,0.7412935323383084,0.7307733790906471,0.2779516297343193,0.6971964385228435
RandomForest,delta,default,crop_farming,4,603.0,0.746268656716418,0.7249189842867155,0.3028346154162371,0.6236924202929411
RandomForest,delta,default,crop_farming,8,603.0,0.6865671641791045,0.6639169135335715,0.385104769918015,0.39246657775047666
RandomForest,delta,default,crop_farming,12,603.0,0.714759535655058,0.6768886100494069,0.3799609440341677,0.37996876482343556
RandomForest,delta,default,pastoral,0,180.0,0.6333333333333333,0.6362568690631097,0.3453930403614326,0.5032211905768958
RandomForest,delta,default,pastoral,1,180.0,0.6444444444444445,0.6462101466797975,0.35189275981265783,0.48660450131119515
RandomForest,delta,default,pastoral,2,180.0,0.6666666666666666,0.6703365979961725,0.3622852899931691,0.4634985896204725
RandomForest,delta,default,pastoral,3,180.0,0.6111111111111112,0.6088016164895758,0.3887077869381124,0.4135253317748999
RandomForest,delta,default,pastoral,4,180.0,0.5444444444444444,0.5323420948420949,0.4653789684466697,0.180992087530208
RandomForest,delta,default,pastoral,8,180.0,0.38333333333333336,0.32524935689984236,0.5926226154976676,-0.35110377969228557
RandomForest,delta,default,pastoral,12,180.0,0.6111111111111112,0.5757893734300035,0.4666299437339982,0.14150833365988014
RandomForest,delta,extended,agropastoral,0,75.0,0.6666666666666666,0.667452494511318,0.3694567477652782,0.38321275309381064
RandomForest,delta,extended,agropastoral,1,75.0,0.6266666666666667,0.6292063492063492,0.36465486928161195,0.3909385934760199
RandomForest,delta,extended,agropastoral,2,75.0,0.6533333333333333,0.6565079365079366,0.3633650081295284,0.4016595618984734
RandomForest,delta,extended,agropastoral,3,75.0,0.7066666666666667,0.6967850923023338,0.3449499083442397,0.5141154964052566
RandomForest,delta,extended,agropastoral,4,75.0,0.7333333333333333,0.7129599739137524,0.3543096924661175,0.5029956981003847
RandomForest,delta,extended,agropastoral,8,75.0,0.7466666666666667,0.6418150537634408,0.3612378876101791,0.40937297019054153
RandomForest,delta,extended,agropastoral,12,75.0,0.7066666666666667,0.6080685147622268,0.40772555541762845,0.24416689302008143
RandomForest,delta,extended,crop_farming,0,1005.0,0.7621890547263681,0.7595076237406491,0.27432656637611436,0.7175210066089157
RandomForest,delta,extended,crop_farming,1,1005.0,0.7472636815920398,0.7392699331782574,0.2808143550093973,0.6955698227997991
RandomForest,delta,extended,crop_farming,2,1005.0,0.7661691542288557,0.7623660433927552,0.2733600153396656,0.7106678112163141
RandomForest,delta,extended,crop_farming,3,1005.0,0.7393034825870647,0.7322816082533121,0.277538306231138,0.7085755221599606
RandomForest,delta,extended,crop_farming,4,1005.0,0.7482587064676617,0.7392362764728,0.29639933246969585,0.6622007677569879
RandomForest,delta,extended,crop_farming,8,1005.0,0.7014925373134329,0.6905991557775414,0.3558802098426731,0.5032960409555566
RandomForest,delta,extended,crop_farming,12,1005.0,0.7104477611940299,0.693400167127393,0.3581334981253215,0.4867306820119113
RandomForest,delta,extended,pastoral,0,300.0,0.65,0.649137383829327,0.36816191490903516,0.5205637631535951
RandomForest,delta,extended,pastoral,1,300.0,0.6566666666666666,0.6548852257830586,0.3749973766652491,0.486885279612453
RandomForest,delta,extended,pastoral,2,300.0,0.6466666666666666,0.6449612538037031,0.3856537677055131,0.4771882762512599
RandomForest,delta,extended,pastoral,3,300.0,0.6333333333333333,0.6304671491522703,0.3927762434328655,0.46650652426386763
RandomForest,delta,extended,pastoral,4,300.0,0.5633333333333334,0.5569761542364282,0.46078150706202375,0.2980088101485341
RandomForest,delta,extended,pastoral,8,300.0,0.4033333333333333,0.3690299563331322,0.5768250173085278,-0.08533297389960803
RandomForest,delta,extended,pastoral,12,300.0,0.5766666666666667,0.5234039703678002,0.5135424063827655,0.06916880221798005
RandomForest,level,default,agropastoral,0,45.0,0.7111111111111111,0.6619303201506591,0.3331160495341861,0.5483417699114406
RandomForest,level,default,agropastoral,1,45.0,0.7111111111111111,0.6619303201506591,0.3411618880511043,0.529941897278606
RandomForest,level,default,agropastoral,2,45.0,0.7333333333333333,0.6979885057471265,0.3568028824925333,0.5101312638814282
RandomForest,level,default,agropastoral,3,45.0,0.7333333333333333,0.6778571428571429,0.365518836446906,0.5222662587795368
RandomForest,level,default,agropastoral,4,45.0,0.7111111111111111,0.607907425265188,0.40293524720821494,0.37824706248419604
RandomForest,level,default,agropastoral,8,45.0,0.7111111111111111,0.607907425265188,0.43360641470607186,0.3356641218807379
RandomForest,level,default,agropastoral,12,45.0,0.6888888888888889,0.5879032258064516,0.43273500107940105,0.2567838455972361
RandomForest,level,default,crop_farming,0,603.0,0.7479270315091211,0.7246090272437989,0.3107778155116589,0.6042736128781345
RandomForest,level,default,crop_farming,1,603.0,0.736318407960199,0.7064959900395166,0.321658670670492,0.5506920141303099
RandomForest,level,default,crop_farming,2,603.0,0.7495854063018242,0.7268100936833256,0.2966157643028203,0.6306091629137323
RandomForest,level,default,crop_farming,3,603.0,0.7197346600331676,0.6828731285318529,0.32420656030460954,0.5626748672903104
RandomForest,level,default,crop_farming,4,603.0,0.7164179104477612,0.6772974755170601,0.33593933686417005,0.5016064596081109
RandomForest,level,default,crop_farming,8,603.0,0.7081260364842454,0.6635082206568189,0.37019016865885884,0.4209968852845053
RandomForest,level,default,crop_farming,12,603.0,0.7164179104477612,0.6725785971033418,0.3780446138613668,0.35035697512924635
RandomForest,level,default,pastoral,0,180.0,0.6055555555555555,0.5716631116282076,0.39910474985992184,0.369683015602839
RandomForest,level,default,pastoral,1,180.0,0.6444444444444445,0.6045921110709843,0.41028027510977183,0.3000410693335134
RandomForest,level,default,pastoral,2,180.0,0.6277777777777778,0.5943609883816069,0.4179813860738395,0.2847938796693613
RandomForest,level,default,pastoral,3,180.0,0.6,0.5618397344713134,0.4256407807606613,0.24118773359614376
RandomForest,level,default,pastoral,4,180.0,0.5222222222222223,0.48673920488154165,0.48253698702335096,0.09267911878606339
RandomForest,level,default,pastoral,8,180.0,0.5055555555555555,0.4643851841358658,0.5617320019035745,-0.2092276119939882
RandomForest,level,default,pastoral,12,180.0,0.4166666666666667,0.3614903076068125,0.6085422013635612,-0.38086690596800654
RandomForest,level,extended,agropastoral,0,75.0,0.7333333333333333,0.6964407814407814,0.3256335163349047,0.5889758865882156
RandomForest,level,extended,agropastoral,1,75.0,0.72,0.6840426469292448,0.327418264763101,0.5775244964873534
RandomForest,level,extended,agropastoral,2,75.0,0.72,0.694078529657477,0.3444904984068221,0.5490140952070037
RandomForest,level,extended,agropastoral,3,75.0,0.7333333333333333,0.6655088702147526,0.34370475159901853,0.5674729077103188
RandomForest,level,extended,agropastoral,4,75.0,0.7333333333333333,0.6325805724588687,0.3661433516895372,0.48615487749728037
RandomForest,level,extended,agropastoral,8,75.0,0.7333333333333333,0.6325805724588687,0.37948313662122235,0.4764491097113377
RandomForest,level,extended,agropastoral,12,75.0,0.7066666666666667,0.6088034188034188,0.4014113370492283,0.3643672691679827
RandomForest,level,extended,crop_farming,0,1005.0,0.7502487562189055,0.7324397911869314,0.30357021948399293,0.6418264400573499
RandomForest,level,extended,crop_farming,1,1005.0,0.7412935323383084,0.7112103755036518,0.311657938482329,0.5949510856372255
RandomForest,level,extended,crop_farming,2,1005.0,0.7631840796019901,0.7462732637658012,0.29248483784298573,0.6526218604997247
RandomForest,level,extended,crop_farming,3,1005.0,0.7243781094527363,0.6863303622069278,0.3165986111426733,0.6022295018955824
RandomForest,level,extended,crop_farming,4,1005.0,0.7104477611940299,0.6702796252524614,0.32912560281185493,0.555513072657444
RandomForest,level,extended,crop_farming,8,1005.0,0.7114427860696517,0.6702893046447999,0.34818456208423293,0.5136027494296485
RandomForest,level,extended,crop_farming,12,1005.0,0.7124378109452736,0.669037495890678,0.3725570994113206,0.4193895262622477
RandomForest,level,extended,pastoral,0,300.0,0.6,0.5437737123557558,0.4348149814210038,0.32659254968493245
RandomForest,level,extended,pastoral,1,300.0,0.6133333333333333,0.5538583074207916,0.4543116375575297,0.24837289111550886
RandomForest,level,extended,pastoral,2,300.0,0.6133333333333333,0.5568368080517613,0.4500466467033177,0.25219750352836956
RandomForest,level,extended,pastoral,3,300.0,0.61,0.5496127110228402,0.463638698998445,0.21065808560705368
RandomForest,level,extended,pastoral,4,300.0,0.54,0.48605220692928336,0.5025057122946404,0.12172226149907928
RandomForest,level,extended,pastoral,8,300.0,0.52,0.46080103359173125,0.5657955264291581,-0.0906623118613763
RandomForest,level,extended,pastoral,12,300.0,0.4633333333333333,0.40131086399100496,0.6103715660840866,-0.25805372012539185
T-GCN,classification,default,agropastoral,0,45.0,0.5333333333333333,0.4531590413943355,0.5111111111111111,-0.2980769230769229
T-GCN,classification,default,agropastoral,1,45.0,0.5777777777777777,0.4548168249660787,0.4222222222222222,0.08653846153846168
T-GCN,classification,default,agropastoral,2,45.0,0.24444444444444444,0.1512820512820513,1.0222222222222221,-2.3653846153846145
T-GCN,classification,default,agropastoral,3,45.0,0.5333333333333333,0.40505050505050505,0.4888888888888889,-0.15384615384615352
T-GCN,classification,default,agropastoral,4,45.0,0.6222222222222222,0.5804444444444444,0.4,0.03846153846153866
T-GCN,classification,default,agropastoral,8,45.0,0.26666666666666666,0.22049910873440284,0.9333333333333333,-1.8846153846153841
T-GCN,classification,default,agropastoral,12,45.0,0.5555555555555556,0.4523809523809524,0.4444444444444444,0.03846153846153866
T-GCN,classification,default,crop_farming,0,603.0,0.5737976782752903,0.543352707598742,0.5257048092868989,-0.04038376574902114
T-GCN,classification,default,crop_farming,1,603.0,0.4975124378109453,0.47122642618783583,0.5655058043117744,0.023922515577629255
T-GCN,classification,default,crop_farming,2,603.0,0.5854063018242123,0.4397841618972805,0.6086235489220564,-0.5134942640808056
T-GCN,classification,default,crop_farming,3,603.0,0.31840796019900497,0.22470322482296037,0.7346600331674958,-0.16440302259327533
T-GCN,classification,default,crop_farming,4,603.0,0.263681592039801,0.24237636199919127,0.8706467661691543,-0.5778005454074557
T-GCN,classification,default,crop_farming,8,603.0,0.582089552238806,0.46929737658837256,0.6053067993366501,-0.49052773503557323
T-GCN,classification,default,crop_farming,12,603.0,0.39800995024875624,0.3555201950806969,0.6550580431177446,-0.05416368317616049
T-GCN,classification,default,pastoral,0,180.0,0.3111111111111111,0.18267074413863404,0.8944444444444445,-1.9919304779639964
T-GCN,classification,default,pastoral,1,180.0,0.34444444444444444,0.18370370370370373,0.7722222222222223,-1.2470515207945367
T-GCN,classification,default,pastoral,2,180.0,0.05,0.06151735270379338,1.6833333333333333,-6.510862818125386
T-GCN,classification,default,pastoral,3,180.0,0.35555555555555557,0.18652094717668488,0.75,-1.1477343265052755
T-GCN,classification,default,pastoral,4,180.0,0.5666666666666667,0.531342932429889,0.4722222222222222,-0.22905027932960853
T-GCN,classification,default,pastoral,8,180.0,0.10555555555555556,0.12450332614167567,1.5222222222222221,-5.604593420235876
T-GCN,classification,default,pastoral,12,180.0,0.36666666666666664,0.21863945578231292,0.7388888888888889,-1.1229050279329602
TabICLv2,classification,default,agropastoral,0,45.0,0.6666666666666666,0.6671023965141611,0.35555555555555557,0.15094339622641506
TabICLv2,classification,default,agropastoral,1,45.0,0.5777777777777777,0.5729629629629629,0.4444444444444444,-0.037735849056603765
TabICLv2,classification,default,agropastoral,2,45.0,0.6444444444444445,0.6434886499402628,0.37777777777777777,0.10377358490566035
TabICLv2,classification,default,agropastoral,3,45.0,0.6,0.5656177156177157,0.4,0.15094339622641506
TabICLv2,classification,default,agropastoral,4,45.0,0.5777777777777777,0.571496642841672,0.4444444444444444,-0.037735849056603765
TabICLv2,classification,default,agropastoral,8,45.0,0.6222222222222222,0.6161973048563437,0.4,0.05660377358490565
TabICLv2,classification,default,agropastoral,12,45.0,0.5111111111111111,0.49455840455840455,0.5111111111111111,-0.179245283018868
TabICLv2,classification,default,crop_farming,0,603.0,0.7014925373134329,0.6894786371852768,0.31343283582089554,0.5970188284518828
TabICLv2,classification,default,crop_farming,1,603.0,0.7048092868988391,0.6878493254508704,0.31343283582089554,0.5814446768944677
TabICLv2,classification,default,crop_farming,2,603.0,0.6865671641791045,0.6651558459481112,0.3333333333333333,0.5541899116689911
TabICLv2,classification,default,crop_farming,3,603.0,0.6749585406301825,0.6435358667654634,0.351575456053068,0.5172013017201301
TabICLv2,classification,default,crop_farming,4,603.0,0.6650082918739635,0.623860124541076,0.3747927031509121,0.46269177126917704
TabICLv2,classification,default,crop_farming,8,603.0,0.648424543946932,0.6084932097620475,0.417910447761194,0.33809855880985584
TabICLv2,classification,default,crop_farming,12,603.0,0.6650082918739635,0.6249803019858836,0.41459369817578773,0.3108437935843793
TabICLv2,classification,default,pastoral,0,180.0,0.6277777777777778,0.6263273125342091,0.37777777777777777,0.04624933767315076
TabICLv2,classification,default,pastoral,1,180.0,0.6277777777777778,0.6292337313949463,0.37777777777777777,0.04624933767315076
TabICLv2,classification,default,pastoral,2,180.0,0.6166666666666667,0.6048703549554372,0.38333333333333336,0.05987434713496298
TabICLv2,classification,default,pastoral,3,180.0,0.5277777777777778,0.5108544739198655,0.4722222222222222,-0.15812580425403122
TabICLv2,classification,default,pastoral,4,180.0,0.5111111111111111,0.49853479853479854,0.49444444444444446,-0.23987586102490388
TabICLv2,classification,default,pastoral,8,180.0,0.4666666666666667,0.4439235007416826,0.5666666666666667,-0.553251078646583
TabICLv2,classification,default,pastoral,12,180.0,0.5777777777777777,0.5273475495697718,0.4388888888888889,-0.15812580425403122
TabICLv2,classification,extended,agropastoral,0,75.0,0.64,0.6395833333333333,0.37333333333333335,0.16851441241685106
TabICLv2,classification,extended,agropastoral,1,75.0,0.5733333333333334,0.5773576290169725,0.44,0.02993348115299288
TabICLv2,classification,extended,agropastoral,2,75.0,0.6266666666666667,0.6284949951280008,0.38666666666666666,0.14079822616407944
TabICLv2,classification,extended,agropastoral,3,75.0,0.6533333333333333,0.622387104712686,0.3466666666666667,0.2793791574279376
TabICLv2,classification,extended,agropastoral,4,75.0,0.6533333333333333,0.6469761542364282,0.36,0.19623059866962267
TabICLv2,classification,extended,agropastoral,8,75.0,0.6533333333333333,0.6454256854256853,0.36,0.19623059866962267
TabICLv2,classification,extended,agropastoral,12,75.0,0.5466666666666666,0.5392884510125889,0.4666666666666667,-0.025498891352550235
TabICLv2,classification,extended,crop_farming,0,1005.0,0.6885572139303483,0.6757312052238418,0.3243781094527363,0.5742109735518768
TabICLv2,classification,extended,crop_farming,1,1005.0,0.6975124378109453,0.6815945595463226,0.3174129353233831,0.5730013456358309
TabICLv2,classification,extended,crop_farming,2,1005.0,0.672636815920398,0.6499244141806895,0.34626865671641793,0.5282451127421361
TabICLv2,classification,extended,crop_farming,3,1005.0,0.6945273631840796,0.6661966077962974,0.32935323383084575,0.5367125081544568
TabICLv2,classification,extended,crop_farming,4,1005.0,0.6507462686567164,0.6154019543833735,0.38308457711442784,0.4496192981991589
TabICLv2,classification,extended,crop_farming,8,1005.0,0.6666666666666666,0.6364148367575407,0.3850746268656716,0.3939764140610519
TabICLv2,classification,extended,crop_farming,12,1005.0,0.6547263681592039,0.6081863816688592,0.4109452736318408,0.33107576242667003
TabICLv2,classification,extended,pastoral,0,300.0,0.6166666666666667,0.5994943000294725,0.39,0.0969250671708628
TabICLv2,classification,extended,pastoral,1,300.0,0.6066666666666667,0.59348303870043,0.4,0.07453477958005783
TabICLv2,classification,extended,pastoral,2,300.0,0.6,0.5680573939560498,0.4,0.1043884963677979
TabICLv2,classification,extended,pastoral,3,300.0,0.54,0.49029579267317236,0.46,-0.02995322917703236
TabICLv2,classification,extended,pastoral,4,300.0,0.5133333333333333,0.4707947175348496,0.49333333333333335,-0.13444123793412266
TabICLv2,classification,extended,pastoral,8,300.0,0.5033333333333333,0.44917708554072194,0.5233333333333333,-0.291173251069758
TabICLv2,classification,extended,pastoral,12,300.0,0.5266666666666666,0.46173134042349334,0.49333333333333335,-0.1941486715096028
XGBoost,delta,default,agropastoral,0,45.0,0.6222222222222222,0.617944147355912,0.40791414845191315,0.30263786966920103
XGBoost,delta,default,agropastoral,1,45.0,0.7333333333333333,0.7273432449903038,0.37876842713880704,0.36247684187617324
XGBoost,delta,default,agropastoral,2,45.0,0.7333333333333333,0.716923076923077,0.36408093807647346,0.4154810458984961
XGBoost,delta,default,agropastoral,3,45.0,0.6444444444444445,0.6373913668031315,0.387692139334248,0.3590794251640028
XGBoost,delta,default,agropastoral,4,45.0,0.6444444444444445,0.5784461152882205,0.4254392909869924,0.2901398708713838
XGBoost,delta,default,agropastoral,8,45.0,0.7111111111111111,0.6883184789067143,0.3932864747983489,0.4046502668956028
XGBoost,delta,default,agropastoral,12,45.0,0.7111111111111111,0.6323981900452489,0.42338539634105643,0.2128063431890146
XGBoost,delta,default,crop_farming,0,603.0,0.7396351575456053,0.7271538693543399,0.2662723238142819,0.7053354568231838
XGBoost,delta,default,crop_farming,1,603.0,0.7429519071310116,0.7251044382218935,0.2829089257652912,0.6684951254037937
XGBoost,delta,default,crop_farming,2,603.0,0.7595356550580431,0.7560031892986206,0.2629991087261146,0.7081018395474035
XGBoost,delta,default,crop_farming,3,603.0,0.7545605306799337,0.7484625582175499,0.2829153130777712,0.6822204823799911
XGBoost,delta,default,crop_farming,4,603.0,0.7446102819237148,0.7212503990833378,0.3102832010068119,0.6115739560069595
XGBoost,delta,default,crop_farming,8,603.0,0.6898839137645107,0.669696026317084,0.37699262559778784,0.39830632803854493
XGBoost,delta,default,crop_farming,12,603.0,0.693200663349917,0.6559057908805921,0.3920275581045623,0.3874014591829822
XGBoost,delta,default,pastoral,0,180.0,0.6277777777777778,0.6283897761260658,0.3357939409317362,0.5229191421829911
XGBoost,delta,default,pastoral,1,180.0,0.6833333333333333,0.6807389776139776,0.3470842362095945,0.492296596615045
XGBoost,delta,default,pastoral,2,180.0,0.6444444444444445,0.6469013866807984,0.35824054742996464,0.48350584821524123
XGBoost,delta,default,pastoral,3,180.0,0.6,0.5995980693551026,0.42570663546193266,0.2997615631057202
XGBoost,delta,default,pastoral,4,180.0,0.5166666666666667,0.5052584704413451,0.47682101040466734,0.16718089625007804
XGBoost,delta,default,pastoral,8,180.0,0.4388888888888889,0.39263624276458226,0.5743535144239562,-0.29403397115841856
XGBoost,delta,default,pastoral,12,180.0,0.6,0.5663990442054958,0.48041547410973967,0.079267400391003
XGBoost,delta,extended,agropastoral,0,75.0,0.6133333333333333,0.6145132253150533,0.40236321606447745,0.3179317975884294
XGBoost,delta,extended,agropastoral,1,75.0,0.6666666666666666,0.6668604739192975,0.4001131425889451,0.3228683702611379
XGBoost,delta,extended,agropastoral,2,75.0,0.6933333333333334,0.6856022408963586,0.3668816750023873,0.4216604006424761
XGBoost,delta,extended,agropastoral,3,75.0,0.6533333333333333,0.6427899686520375,0.3762529866547967,0.4176264414284866
XGBoost,delta,extended,agropastoral,4,75.0,0.64,0.6162962962962962,0.37670162567470133,0.4058576648333103
XGBoost,delta,extended,agropastoral,8,75.0,0.7333333333333333,0.7011238406983088,0.3622942340142413,0.44338192867246107
XGBoost,delta,extended,agropastoral,12,75.0,0.6933333333333334,0.6108791137178234,0.408847035436231,0.21502958905675018
XGBoost,delta,extended,crop_farming,0,1005.0,0.7432835820895523,0.7355574188948578,0.2720601567491494,0.7024142796868943
XGBoost,delta,extended,crop_farming,1,1005.0,0.7512437810945274,0.7385037660277316,0.2754418760925143,0.6842273136636753
XGBoost,delta,extended,crop_farming,2,1005.0,0.7502487562189055,0.7482693083132311,0.2711926578017209,0.6993547938267368
XGBoost,delta,extended,crop_farming,3,1005.0,0.7432835820895523,0.7404955133406037,0.2805118299065467,0.6972565046896434
XGBoost,delta,extended,crop_farming,4,1005.0,0.7492537313432835,0.7419300820136517,0.30029043189665394,0.6573731447000682
XGBoost,delta,extended,crop_farming,8,1005.0,0.6965174129353234,0.6889775250112037,0.3488488064253749,0.49904667649132417
XGBoost,delta,extended,crop_farming,12,1005.0,0.7054726368159204,0.6904694511973041,0.3625961579721719,0.4959770407718388
XGBoost,delta,extended,pastoral,0,300.0,0.6466666666666666,0.6450247921692687,0.3568573249973792,0.5228882701273274
XGBoost,delta,extended,pastoral,1,300.0,0.6733333333333333,0.6666372265130599,0.3635388292703191,0.4993029318322625
XGBoost,delta,extended,pastoral,2,300.0,0.6433333333333333,0.6417813893981494,0.3722734451708219,0.4979359342754067
XGBoost,delta,extended,pastoral,3,300.0,0.61,0.6040765491314493,0.4156314651733439,0.38411705922547323
XGBoost,delta,extended,pastoral,4,300.0,0.54,0.5352811553934012,0.4526913398371237,0.31491907051540946
XGBoost,delta,extended,pastoral,8,300.0,0.45666666666666667,0.4232437669857025,0.5498701493400566,-0.011807924572986073
XGBoost,delta,extended,pastoral,12,300.0,0.5766666666666667,0.5233041459956528,0.49039783467914505,0.14539765222491374
XGBoost,level,default,agropastoral,0,45.0,0.7333333333333333,0.6828070175438598,0.3840548540843651,0.2935137688560362
XGBoost,level,default,agropastoral,1,45.0,0.7333333333333333,0.6778571428571429,0.35498796320416914,0.4683418768755808
XGBoost,level,default,agropastoral,2,45.0,0.6888888888888889,0.6587153482082487,0.3965388850858318,0.37785212215649777
XGBoost,level,default,agropastoral,3,45.0,0.7111111111111111,0.6323981900452489,0.36926148170849254,0.413245644314179
XGBoost,level,default,agropastoral,4,45.0,0.7111111111111111,0.6315018315018315,0.4399332860630753,0.1849935430165307
XGBoost,level,default,agropastoral,8,45.0,0.6888888888888889,0.5845977011494252,0.42386760267652224,0.3397685614439371
XGBoost,level,default,agropastoral,12,45.0,0.6222222222222222,0.5169230769230769,0.43460255793674396,0.3228145677982581
XGBoost,level,default,crop_farming,0,603.0,0.7412935323383084,0.7156600183653321,0.31224201868056095,0.5842001730395023
XGBoost,level,default,crop_farming,1,603.0,0.7346600331674958,0.7041888428504512,0.3344082754340838,0.5149081452876323
XGBoost,level,default,crop_farming,2,603.0,0.7330016583747927,0.7109007598595638,0.3109622297024348,0.6025422578008967
XGBoost,level,default,crop_farming,3,603.0,0.7296849087893864,0.7026564074921278,0.33463656301038225,0.5728844532934209
XGBoost,level,default,crop_farming,4,603.0,0.7313432835820896,0.6891495799049312,0.3440869515523726,0.47672432222860106
XGBoost,level,default,crop_farming,8,603.0,0.7048092868988391,0.6592829310884605,0.39719918357420414,0.34190783096837096
XGBoost,level,default,crop_farming,12,603.0,0.7180762852404643,0.6738191819233598,0.39264994080082694,0.31756829854764834
XGBoost,level,default,pastoral,0,180.0,0.6055555555555555,0.5680931363142071,0.40043727543526214,0.3579725850414932
XGBoost,level,default,pastoral,1,180.0,0.6555555555555556,0.6143014458308576,0.41432604417363117,0.32530400992673103
XGBoost,level,default,pastoral,2,180.0,0.6333333333333333,0.5957351290684625,0.39601069128507427,0.35544943274404095
XGBoost,level,default,pastoral,3,180.0,0.5777777777777777,0.5395194177802873,0.44645237834164564,0.19945697094338666
XGBoost,level,default,pastoral,4,180.0,0.5722222222222222,0.5338430892778719,0.45109778452533333,0.22313597201893454
XGBoost,level,default,pastoral,8,180.0,0.5388888888888889,0.5036647665327227,0.5479101784589443,-0.17855855015306266
XGBoost,level,default,pastoral,12,180.0,0.5444444444444444,0.5115908170575959,0.5208170466935624,-0.08659984675613863
XGBoost,level,extended,agropastoral,0,75.0,0.7333333333333333,0.7065504610332196,0.37631665283985144,0.3858499400913562
XGBoost,level,extended,agropastoral,1,75.0,0.7333333333333333,0.6939464852607709,0.32928246821124824,0.5490158534831667
XGBoost,level,extended,agropastoral,2,75.0,0.6933333333333334,0.6736917562724014,0.37515763651841894,0.44470029266152167
XGBoost,level,extended,agropastoral,3,75.0,0.7466666666666667,0.691655804750686,0.32185656328451356,0.5471646752103041
XGBoost,level,extended,agropastoral,4,75.0,0.72,0.6562307627617525,0.3714945239039044,0.37790438550756855
XGBoost,level,extended,agropastoral,8,75.0,0.72,0.6182070707070707,0.3705079500598088,0.4584500693162309
XGBoost,level,extended,agropastoral,12,75.0,0.68,0.5982264150943396,0.39063024745519215,0.4440288265634438
XGBoost,level,extended,crop_farming,0,1005.0,0.755223880597015,0.7342281027927265,0.2932100595404685,0.6407777616702843
XGBoost,level,extended,crop_farming,1,1005.0,0.7442786069651741,0.7204405096912003,0.3092870280788483,0.5872649153724001
XGBoost,level,extended,crop_farming,2,1005.0,0.7472636815920398,0.7305953558530726,0.29312519287420363,0.6437744517018416
XGBoost,level,extended,crop_farming,3,1005.0,0.727363184079602,0.7095363433334173,0.32056231443794403,0.6224375602550646
XGBoost,level,extended,crop_farming,4,1005.0,0.7223880597014926,0.6861667560003701,0.32926407556915344,0.5500976575662186
XGBoost,level,extended,crop_farming,8,1005.0,0.7044776119402985,0.6608366419928101,0.3704699767531166,0.44254196112971
XGBoost,level,extended,crop_farming,12,1005.0,0.7154228855721393,0.6712292767125957,0.390759651886294,0.3607709447952977
XGBoost,level,extended,pastoral,0,300.0,0.6,0.5418348623853211,0.4250286454545102,0.3772531821002876
XGBoost,level,extended,pastoral,1,300.0,0.6233333333333333,0.5620446862890592,0.44359607839639237,0.3153660446942609
XGBoost,level,extended,pastoral,2,300.0,0.6266666666666667,0.5713886144436603,0.41357523630003196,0.3716930590624281
XGBoost,level,extended,pastoral,3,300.0,0.5933333333333334,0.5335064935064935,0.44237409372698133,0.3002393472108147
XGBoost,level,extended,pastoral,4,300.0,0.5633333333333334,0.507390203632361,0.4606546745705276,0.27899547378686695
XGBoost,level,extended,pastoral,8,300.0,0.5733333333333334,0.5154800559079669,0.5274139769679473,-0.01770066634479761
XGBoost,level,extended,pastoral,12,300.0,0.56,0.5048837209302326,0.5228270516077036,-0.009677730060866363
