feature,importance,lhz,lead
month,0.018049218,p,0
FEWS_HA,0.017221425,p,0
tp,0.00083434646,p,0
wd,0.0037793242,p,0
ds,0.008705239,p,0
SPI_1,0.004714732,p,0
SPI_3,0.004943941,p,0
SPI_6,0.0095739,p,0
SPI_12,0.005686194,p,0
SPI_24,0.0016229771,p,0
SPEI_1,0.007517503,p,0
SPEI_3,0.005794014,p,0
SPEI_6,0.012093597,p,0
SPEI_12,0.02741769,p,0
SPEI_24,0.014194754,p,0
SSMI_1,0.0031266282,p,0
SSMI_3,0.0075795674,p,0
SSMI_6,0.038900614,p,0
SSMI_12,0.01926684,p,0
SSMI_24,0.0065292055,p,0
NDVI_anom,0.003546242,p,0
NDVI_anom_range,0.0054963473,p,0
NDVI_anom_crop,0.0023196163,p,0
WVG,0.015074535,p,0
MEI,0.02615416,p,0
NINA34,0.009852411,p,0
IOD,0.0061828415,p,0
Fuel (diesel)_Pewi,0.0,p,0
Maize (white)_Pewi,9.735081e-06,p,0
acled_count,0.00033056003,p,0
acled_fatalities,0.0007245888,p,0
DL_area,0.0,p,0
CPI_H,0.011838313,p,0
CPI_F,0.01226964,p,0
GDP,0.013740526,p,0
FEWS_HA_4,0.005803392,p,0
FEWS_HA_12,0.006481812,p,0
wd_4,0.01858321,p,0
wd_12,0.018403424,p,0
ds_4,0.013192539,p,0
ds_12,0.008707742,p,0
NDVI_anom_4,0.020475913,p,0
NDVI_anom_12,0.034782566,p,0
NDVI_anom_range_4,0.00788883,p,0
NDVI_anom_range_12,0.014506473,p,0
NDVI_anom_crop_4,0.00070210313,p,0
NDVI_anom_crop_12,0.0067060227,p,0
WVG_4,0.009100562,p,0
WVG_12,0.01447004,p,0
MEI_4,0.026569158,p,0
MEI_12,0.020741576,p,0
NINA34_4,0.016952632,p,0
NINA34_12,0.007815008,p,0
IOD_4,0.012107005,p,0
IOD_12,0.030403642,p,0
Fuel (diesel)_Pewi_4,0.004023313,p,0
Fuel (diesel)_Pewi_12,0.0,p,0
Maize (white)_Pewi_4,0.00509155,p,0
Maize (white)_Pewi_12,0.007980933,p,0
acled_count_4,0.0061007375,p,0
acled_count_12,0.0063357837,p,0
acled_fatalities_4,0.0019421345,p,0
acled_fatalities_12,0.011759273,p,0
DL_area_4,0.0,p,0
DL_area_12,0.0,p,0
CPI_H_4,0.01634195,p,0
CPI_H_12,0.01363431,p,0
CPI_F_4,0.010845076,p,0
CPI_F_12,0.010793744,p,0
GDP_4,0.0090532,p,0
GDP_12,0.0075017214,p,0
OND,0.0,p,0
MAM,0.0047468883,p,0
FEWS_CS_lag1,0.21657792,p,0
FEWS_CS_lag4,0.014780305,p,0
FEWS_CS_lag8,0.0038652834,p,0
FEWS_CS_12,0.016261866,p,0
Ethiopia,0.009407781,p,0
Kenya,0.0,p,0
Somalia,0.0034713598,p,0
month,0.005628737,p,1
FEWS_HA,0.011473017,p,1
tp,0.0071713226,p,1
wd,0.005902223,p,1
ds,0.004885029,p,1
SPI_1,0.00268629,p,1
SPI_3,0.013197649,p,1
SPI_6,0.0073037134,p,1
SPI_12,0.0053852187,p,1
SPI_24,0.0030909963,p,1
SPEI_1,0.0059224768,p,1
SPEI_3,0.008128616,p,1
SPEI_6,0.059266478,p,1
SPEI_12,0.01444479,p,1
SPEI_24,0.007912218,p,1
SSMI_1,0.009445204,p,1
SSMI_3,0.008027855,p,1
SSMI_6,0.045333903,p,1
SSMI_12,0.021992361,p,1
SSMI_24,0.013261702,p,1
NDVI_anom,0.011456779,p,1
NDVI_anom_range,0.002346687,p,1
NDVI_anom_crop,0.0074108113,p,1
WVG,0.026515182,p,1
MEI,0.016528001,p,1
NINA34,0.013799528,p,1
IOD,0.011241041,p,1
Fuel (diesel)_Pewi,0.0046894066,p,1
Maize (white)_Pewi,0.0,p,1
acled_count,0.003565022,p,1
acled_fatalities,0.0,p,1
DL_area,0.0,p,1
CPI_H,0.00856041,p,1
CPI_F,0.0105933,p,1
GDP,0.007264737,p,1
FEWS_HA_4,0.0072299093,p,1
FEWS_HA_12,0.0025405088,p,1
wd_4,0.0145351635,p,1
wd_12,0.014301909,p,1
ds_4,0.0051003047,p,1
ds_12,0.016332459,p,1
NDVI_anom_4,0.012814767,p,1
NDVI_anom_12,0.027799105,p,1
NDVI_anom_range_4,0.005495438,p,1
NDVI_anom_range_12,0.009211855,p,1
NDVI_anom_crop_4,0.0018582238,p,1
NDVI_anom_crop_12,0.00989917,p,1
WVG_4,0.0058890353,p,1
WVG_12,0.016457051,p,1
MEI_4,0.02130604,p,1
MEI_12,0.015959814,p,1
NINA34_4,0.014067403,p,1
NINA34_12,0.0057839607,p,1
IOD_4,0.012329248,p,1
IOD_12,0.032746784,p,1
Fuel (diesel)_Pewi_4,0.0042878725,p,1
Fuel (diesel)_Pewi_12,0.0,p,1
Maize (white)_Pewi_4,0.002576656,p,1
Maize (white)_Pewi_12,0.0021986612,p,1
acled_count_4,0.0033641728,p,1
acled_count_12,0.01001761,p,1
acled_fatalities_4,0.0052769524,p,1
acled_fatalities_12,0.010169462,p,1
DL_area_4,0.0,p,1
DL_area_12,0.0,p,1
CPI_H_4,0.008472808,p,1
CPI_H_12,0.0057790717,p,1
CPI_F_4,0.012972771,p,1
CPI_F_12,0.011364882,p,1
GDP_4,0.011771248,p,1
GDP_12,0.009184614,p,1
OND,0.0,p,1
MAM,0.0,p,1
FEWS_CS_lag1,0.21726033,p,1
FEWS_CS_lag4,0.0063952073,p,1
FEWS_CS_lag8,0.007251314,p,1
FEWS_CS_12,0.017041834,p,1
Ethiopia,0.018525714,p,1
Kenya,0.0,p,1
Somalia,0.0,p,1
month,0.0049553667,p,2
FEWS_HA,0.005909006,p,2
tp,0.007016255,p,2
wd,0.009157906,p,2
ds,0.007032611,p,2
SPI_1,0.002353541,p,2
SPI_3,0.023437368,p,2
SPI_6,0.020374594,p,2
SPI_12,0.016321216,p,2
SPI_24,0.01377989,p,2
SPEI_1,0.005547188,p,2
SPEI_3,0.017722467,p,2
SPEI_6,0.061419062,p,2
SPEI_12,0.010019642,p,2
SPEI_24,0.0030358126,p,2
SSMI_1,0.006100222,p,2
SSMI_3,0.03438307,p,2
SSMI_6,0.051749058,p,2
SSMI_12,0.014008432,p,2
SSMI_24,0.009599462,p,2
NDVI_anom,0.019614797,p,2
NDVI_anom_range,0.0037016722,p,2
NDVI_anom_crop,0.007958408,p,2
WVG,0.016886983,p,2
MEI,0.01424823,p,2
NINA34,0.011795422,p,2
IOD,0.010197389,p,2
Fuel (diesel)_Pewi,0.0037497107,p,2
Maize (white)_Pewi,0.002516813,p,2
acled_count,0.0029910386,p,2
acled_fatalities,0.0040259915,p,2
DL_area,0.0,p,2
CPI_H,0.010297153,p,2
CPI_F,0.009956563,p,2
GDP,0.00745008,p,2
FEWS_HA_4,0.009139684,p,2
FEWS_HA_12,0.0052948296,p,2
wd_4,0.008417657,p,2
wd_12,0.016090129,p,2
ds_4,0.012727561,p,2
ds_12,0.008435569,p,2
NDVI_anom_4,0.0065037487,p,2
NDVI_anom_12,0.024749553,p,2
NDVI_anom_range_4,0.003854913,p,2
NDVI_anom_range_12,0.0058499104,p,2
NDVI_anom_crop_4,0.005568829,p,2
NDVI_anom_crop_12,0.0059141004,p,2
WVG_4,0.0052825757,p,2
WVG_12,0.015061609,p,2
MEI_4,0.0178056,p,2
MEI_12,0.015335589,p,2
NINA34_4,0.011846256,p,2
NINA34_12,0.006327674,p,2
IOD_4,0.023578783,p,2
IOD_12,0.034779605,p,2
Fuel (diesel)_Pewi_4,0.0,p,2
Fuel (diesel)_Pewi_12,0.0,p,2
Maize (white)_Pewi_4,0.005270137,p,2
Maize (white)_Pewi_12,0.0,p,2
acled_count_4,0.005482146,p,2
acled_count_12,0.005648485,p,2
acled_fatalities_4,0.0045167506,p,2
acled_fatalities_12,0.005168903,p,2
DL_area_4,0.0,p,2
DL_area_12,0.0,p,2
CPI_H_4,0.014036411,p,2
CPI_H_12,0.0036134007,p,2
CPI_F_4,0.007081684,p,2
CPI_F_12,0.007324322,p,2
GDP_4,0.007778871,p,2
GDP_12,0.010646313,p,2
OND,0.0,p,2
MAM,0.012090216,p,2
FEWS_CS_lag1,0.17630899,p,2
FEWS_CS_lag4,0.007173333,p,2
FEWS_CS_lag8,0.00851432,p,2
FEWS_CS_12,0.00988902,p,2
Ethiopia,0.01758004,p,2
Kenya,0.0,p,2
Somalia,0.0,p,2
month,0.003194803,p,3
FEWS_HA,0.009441605,p,3
tp,0.002178629,p,3
wd,0.012001025,p,3
ds,0.006555387,p,3
SPI_1,0.004917369,p,3
SPI_3,0.0033806846,p,3
SPI_6,0.014500226,p,3
SPI_12,0.01617529,p,3
SPI_24,0.0060259327,p,3
SPEI_1,0.0067373374,p,3
SPEI_3,0.023241755,p,3
SPEI_6,0.056312446,p,3
SPEI_12,0.025907854,p,3
SPEI_24,0.009658398,p,3
SSMI_1,0.018870391,p,3
SSMI_3,0.08518125,p,3
SSMI_6,0.017842455,p,3
SSMI_12,0.017632881,p,3
SSMI_24,0.008148373,p,3
NDVI_anom,0.0085689025,p,3
NDVI_anom_range,0.003477784,p,3
NDVI_anom_crop,0.004231491,p,3
WVG,0.0067326976,p,3
MEI,0.022965506,p,3
NINA34,0.017842641,p,3
IOD,0.0072030784,p,3
Fuel (diesel)_Pewi,0.0021636544,p,3
Maize (white)_Pewi,0.0029690668,p,3
acled_count,0.0,p,3
acled_fatalities,0.0036148159,p,3
DL_area,0.0,p,3
CPI_H,0.01064553,p,3
CPI_F,0.016733471,p,3
GDP,0.012884821,p,3
FEWS_HA_4,0.0036018149,p,3
FEWS_HA_12,0.008032686,p,3
wd_4,0.009173504,p,3
wd_12,0.02119654,p,3
ds_4,0.008464903,p,3
ds_12,0.013625432,p,3
NDVI_anom_4,0.015258259,p,3
NDVI_anom_12,0.019352486,p,3
NDVI_anom_range_4,0.010014772,p,3
NDVI_anom_range_12,0.0043520834,p,3
NDVI_anom_crop_4,0.0035242948,p,3
NDVI_anom_crop_12,0.002814167,p,3
WVG_4,0.0060885698,p,3
WVG_12,0.029390149,p,3
MEI_4,0.069838636,p,3
MEI_12,0.01848836,p,3
NINA34_4,0.008326549,p,3
NINA34_12,0.005695618,p,3
IOD_4,0.014192071,p,3
IOD_12,0.026092084,p,3
Fuel (diesel)_Pewi_4,0.0,p,3
Fuel (diesel)_Pewi_12,0.0,p,3
Maize (white)_Pewi_4,0.0,p,3
Maize (white)_Pewi_12,0.0024037196,p,3
acled_count_4,0.005372453,p,3
acled_count_12,0.0062384866,p,3
acled_fatalities_4,0.0047684307,p,3
acled_fatalities_12,0.00794917,p,3
DL_area_4,0.0,p,3
DL_area_12,0.0,p,3
CPI_H_4,0.0087003475,p,3
CPI_H_12,0.012216045,p,3
CPI_F_4,0.009651363,p,3
CPI_F_12,0.012073316,p,3
GDP_4,0.0071988627,p,3
GDP_12,0.009089542,p,3
OND,0.0,p,3
MAM,0.0013125245,p,3
FEWS_CS_lag1,0.10091101,p,3
FEWS_CS_lag4,0.010319137,p,3
FEWS_CS_lag8,0.0106029045,p,3
FEWS_CS_12,0.015976353,p,3
Ethiopia,0.009755838,p,3
Kenya,0.0,p,3
Somalia,0.0,p,3
month,0.009778554,p,4
FEWS_HA,0.023624813,p,4
tp,0.011010089,p,4
wd,0.003106131,p,4
ds,0.005122086,p,4
SPI_1,0.0022034335,p,4
SPI_3,0.0035381569,p,4
SPI_6,0.0072299163,p,4
SPI_12,0.006057366,p,4
SPI_24,0.0037165857,p,4
SPEI_1,0.00991353,p,4
SPEI_3,0.015094362,p,4
SPEI_6,0.0723852,p,4
SPEI_12,0.006804792,p,4
SPEI_24,0.004862728,p,4
SSMI_1,0.021133369,p,4
SSMI_3,0.040874902,p,4
SSMI_6,0.09101952,p,4
SSMI_12,0.016096715,p,4
SSMI_24,0.010724655,p,4
NDVI_anom,0.0039894525,p,4
NDVI_anom_range,0.0017082763,p,4
NDVI_anom_crop,0.0007032155,p,4
WVG,0.017041536,p,4
MEI,0.016828094,p,4
NINA34,0.012654178,p,4
IOD,0.0112769995,p,4
Fuel (diesel)_Pewi,0.0033763894,p,4
Maize (white)_Pewi,0.002368008,p,4
acled_count,0.005268022,p,4
acled_fatalities,0.0040307404,p,4
DL_area,0.0,p,4
CPI_H,0.009037991,p,4
CPI_F,0.008250143,p,4
GDP,0.0076738563,p,4
FEWS_HA_4,0.013811969,p,4
FEWS_HA_12,0.004402712,p,4
wd_4,0.0053384867,p,4
wd_12,0.016328534,p,4
ds_4,0.016937176,p,4
ds_12,0.014055915,p,4
NDVI_anom_4,0.018980477,p,4
NDVI_anom_12,0.011513684,p,4
NDVI_anom_range_4,0.009119121,p,4
NDVI_anom_range_12,0.0044690026,p,4
NDVI_anom_crop_4,0.00583637,p,4
NDVI_anom_crop_12,0.0049608094,p,4
WVG_4,0.00785267,p,4
WVG_12,0.027604574,p,4
MEI_4,0.051000774,p,4
MEI_12,0.02493343,p,4
NINA34_4,0.010632404,p,4
NINA34_12,0.0074865287,p,4
IOD_4,0.010814321,p,4
IOD_12,0.026486685,p,4
Fuel (diesel)_Pewi_4,0.0032524443,p,4
Fuel (diesel)_Pewi_12,0.0,p,4
Maize (white)_Pewi_4,0.0029299967,p,4
Maize (white)_Pewi_12,0.0022370087,p,4
acled_count_4,0.0029750192,p,4
acled_count_12,0.0055883513,p,4
acled_fatalities_4,0.0070660375,p,4
acled_fatalities_12,0.0055076196,p,4
DL_area_4,0.0,p,4
DL_area_12,0.0,p,4
CPI_H_4,0.014174296,p,4
CPI_H_12,0.009554046,p,4
CPI_F_4,0.014839225,p,4
CPI_F_12,0.009835339,p,4
GDP_4,0.010050748,p,4
GDP_12,0.009250386,p,4
OND,0.0,p,4
MAM,0.016535874,p,4
FEWS_CS_lag1,0.069708094,p,4
FEWS_CS_lag4,0.008244205,p,4
FEWS_CS_lag8,0.0075840484,p,4
FEWS_CS_12,0.027192034,p,4
Ethiopia,0.012405808,p,4
Kenya,0.0,p,4
Somalia,0.0,p,4
month,0.0007016239,p,8
FEWS_HA,0.005413644,p,8
tp,0.0094471015,p,8
wd,0.0032320956,p,8
ds,0.017668713,p,8
SPI_1,0.001726041,p,8
SPI_3,0.007131045,p,8
SPI_6,0.01390592,p,8
SPI_12,0.0039511337,p,8
SPI_24,0.01003771,p,8
SPEI_1,0.006097219,p,8
SPEI_3,0.014558243,p,8
SPEI_6,0.028171156,p,8
SPEI_12,0.006767857,p,8
SPEI_24,0.031209838,p,8
SSMI_1,0.037226334,p,8
SSMI_3,0.033503227,p,8
SSMI_6,0.017037919,p,8
SSMI_12,0.01366195,p,8
SSMI_24,0.022633076,p,8
NDVI_anom,0.009923544,p,8
NDVI_anom_range,0.0022541299,p,8
NDVI_anom_crop,0.0020812573,p,8
WVG,0.024192505,p,8
MEI,0.015528042,p,8
NINA34,0.15471976,p,8
IOD,0.013531966,p,8
Fuel (diesel)_Pewi,0.003722694,p,8
Maize (white)_Pewi,0.00056336646,p,8
acled_count,0.0,p,8
acled_fatalities,0.0014829397,p,8
DL_area,0.0,p,8
CPI_H,0.0096261855,p,8
CPI_F,0.016650783,p,8
GDP,0.0111005595,p,8
FEWS_HA_4,0.020155711,p,8
FEWS_HA_12,0.0041329674,p,8
wd_4,0.019148735,p,8
wd_12,0.0046040583,p,8
ds_4,0.0108913,p,8
ds_12,0.016154176,p,8
NDVI_anom_4,0.0040890086,p,8
NDVI_anom_12,0.0033694513,p,8
NDVI_anom_range_4,0.009252577,p,8
NDVI_anom_range_12,0.0037243892,p,8
NDVI_anom_crop_4,0.0014250639,p,8
NDVI_anom_crop_12,0.0043747555,p,8
WVG_4,0.015405569,p,8
WVG_12,0.02478683,p,8
MEI_4,0.01689495,p,8
MEI_12,0.010921996,p,8
NINA34_4,0.007773055,p,8
NINA34_12,0.007577359,p,8
IOD_4,0.03338514,p,8
IOD_12,0.03490186,p,8
Fuel (diesel)_Pewi_4,0.0,p,8
Fuel (diesel)_Pewi_12,0.0049760267,p,8
Maize (white)_Pewi_4,0.0016961795,p,8
Maize (white)_Pewi_12,0.0016337297,p,8
acled_count_4,0.0023380267,p,8
acled_count_12,0.004361976,p,8
acled_fatalities_4,0.0027782975,p,8
acled_fatalities_12,0.005674504,p,8
DL_area_4,0.0,p,8
DL_area_12,0.0056674983,p,8
CPI_H_4,0.0032982836,p,8
CPI_H_12,0.010195097,p,8
CPI_F_4,0.02697477,p,8
CPI_F_12,0.01459433,p,8
GDP_4,0.015634952,p,8
GDP_12,0.018997971,p,8
OND,0.0,p,8
MAM,0.0,p,8
FEWS_CS_lag1,0.034437492,p,8
FEWS_CS_lag4,0.01592477,p,8
FEWS_CS_lag8,0.0062496886,p,8
FEWS_CS_12,0.022137951,p,8
Ethiopia,0.0,p,8
Kenya,0.0,p,8
Somalia,0.0,p,8
month,0.009178355,p,12
FEWS_HA,0.01590726,p,12
tp,0.0026597087,p,12
wd,0.0008720254,p,12
ds,0.0045082127,p,12
SPI_1,0.0037483224,p,12
SPI_3,0.005627393,p,12
SPI_6,0.00395344,p,12
SPI_12,0.0037431628,p,12
SPI_24,0.0047755605,p,12
SPEI_1,0.007078155,p,12
SPEI_3,0.006226842,p,12
SPEI_6,0.005126002,p,12
SPEI_12,0.003600657,p,12
SPEI_24,0.0075627095,p,12
SSMI_1,0.01015581,p,12
SSMI_3,0.011448448,p,12
SSMI_6,0.013264311,p,12
SSMI_12,0.0155709265,p,12
SSMI_24,0.004452216,p,12
NDVI_anom,0.008702142,p,12
NDVI_anom_range,0.014879796,p,12
NDVI_anom_crop,0.0012261482,p,12
WVG,0.024418889,p,12
MEI,0.07691879,p,12
NINA34,0.010307434,p,12
IOD,0.060699686,p,12
Fuel (diesel)_Pewi,0.005645791,p,12
Maize (white)_Pewi,0.0011514832,p,12
acled_count,0.0013126114,p,12
acled_fatalities,0.0010349103,p,12
DL_area,0.0,p,12
CPI_H,0.007058231,p,12
CPI_F,0.016610973,p,12
GDP,0.012836684,p,12
FEWS_HA_4,0.011402743,p,12
FEWS_HA_12,0.010628131,p,12
wd_4,0.010770151,p,12
wd_12,0.01588224,p,12
ds_4,0.025397629,p,12
ds_12,0.01572968,p,12
NDVI_anom_4,0.007277153,p,12
NDVI_anom_12,0.00760932,p,12
NDVI_anom_range_4,0.007450173,p,12
NDVI_anom_range_12,0.0059301234,p,12
NDVI_anom_crop_4,0.016362727,p,12
NDVI_anom_crop_12,0.0037325271,p,12
WVG_4,0.010466605,p,12
WVG_12,0.028861292,p,12
MEI_4,0.023571966,p,12
MEI_12,0.03993577,p,12
NINA34_4,0.0044627474,p,12
NINA34_12,0.024425743,p,12
IOD_4,0.026111098,p,12
IOD_12,0.0471814,p,12
Fuel (diesel)_Pewi_4,0.0,p,12
Fuel (diesel)_Pewi_12,0.0051265866,p,12
Maize (white)_Pewi_4,0.005555369,p,12
Maize (white)_Pewi_12,0.004192149,p,12
acled_count_4,0.0077643953,p,12
acled_count_12,0.006056882,p,12
acled_fatalities_4,0.0074141803,p,12
acled_fatalities_12,0.005591932,p,12
DL_area_4,0.0,p,12
DL_area_12,0.008112017,p,12
CPI_H_4,0.0115308985,p,12
CPI_H_12,0.013165573,p,12
CPI_F_4,0.014562383,p,12
CPI_F_12,0.023348214,p,12
GDP_4,0.02786623,p,12
GDP_12,0.005870925,p,12
OND,0.0,p,12
MAM,0.0,p,12
FEWS_CS_lag1,0.03584044,p,12
FEWS_CS_lag4,0.016345007,p,12
FEWS_CS_lag8,0.04490215,p,12
FEWS_CS_12,0.020597449,p,12
Ethiopia,0.010704896,p,12
Kenya,0.0,p,12
Somalia,0.0,p,12
month,0.0139830215,ap,0
FEWS_HA,0.0023227637,ap,0
tp,0.014867744,ap,0
wd,0.006912999,ap,0
ds,0.016442535,ap,0
SPI_1,0.0119917365,ap,0
SPI_3,0.007381805,ap,0
SPI_6,0.0056440975,ap,0
SPI_12,0.0074986885,ap,0
SPI_24,0.0024558133,ap,0
SPEI_1,0.010991015,ap,0
SPEI_3,0.0155979395,ap,0
SPEI_6,0.004402667,ap,0
SPEI_12,0.010307485,ap,0
SPEI_24,0.010969664,ap,0
SSMI_1,0.0072499053,ap,0
SSMI_3,0.0060194265,ap,0
SSMI_6,0.028391449,ap,0
SSMI_12,0.027875513,ap,0
SSMI_24,0.0043934803,ap,0
NDVI_anom,0.015257369,ap,0
NDVI_anom_range,0.01075982,ap,0
NDVI_anom_crop,0.002944913,ap,0
WVG,0.014337918,ap,0
MEI,0.005867693,ap,0
NINA34,0.02895856,ap,0
IOD,0.035852168,ap,0
Fuel (diesel)_Pewi,0.001571851,ap,0
Maize (white)_Pewi,0.006939027,ap,0
acled_count,0.0023550724,ap,0
acled_fatalities,0.0036883382,ap,0
DL_area,0.0,ap,0
CPI_H,0.0084101,ap,0
CPI_F,0.008661243,ap,0
GDP,0.01258154,ap,0
FEWS_HA_4,0.00493502,ap,0
FEWS_HA_12,0.0072799996,ap,0
wd_4,0.0047441833,ap,0
wd_12,0.020593839,ap,0
ds_4,0.0044500707,ap,0
ds_12,0.0054418165,ap,0
NDVI_anom_4,0.009493013,ap,0
NDVI_anom_12,0.048627824,ap,0
NDVI_anom_range_4,0.004981042,ap,0
NDVI_anom_range_12,0.005809959,ap,0
NDVI_anom_crop_4,0.017865732,ap,0
NDVI_anom_crop_12,0.0044712224,ap,0
WVG_4,0.02287229,ap,0
WVG_12,0.03133129,ap,0
MEI_4,0.008007848,ap,0
MEI_12,0.035642434,ap,0
NINA34_4,0.009314451,ap,0
NINA34_12,0.0040345206,ap,0
IOD_4,0.0244168,ap,0
IOD_12,0.013027184,ap,0
Fuel (diesel)_Pewi_4,0.0,ap,0
Fuel (diesel)_Pewi_12,0.0,ap,0
Maize (white)_Pewi_4,0.0036627487,ap,0
Maize (white)_Pewi_12,0.0029923536,ap,0
acled_count_4,0.005917078,ap,0
acled_count_12,0.0045992914,ap,0
acled_fatalities_4,0.0040816404,ap,0
acled_fatalities_12,0.0057664267,ap,0
DL_area_4,0.0,ap,0
DL_area_12,0.0,ap,0
CPI_H_4,0.011869324,ap,0
CPI_H_12,0.009681643,ap,0
CPI_F_4,0.014217081,ap,0
CPI_F_12,0.018072909,ap,0
GDP_4,0.009530442,ap,0
GDP_12,0.02146749,ap,0
OND,0.0,ap,0
MAM,0.0,ap,0
FEWS_CS_lag1,0.19376473,ap,0
FEWS_CS_lag4,0.01730421,ap,0
FEWS_CS_lag8,0.007176647,ap,0
FEWS_CS_12,0.008670027,ap,0
Ethiopia,0.0,ap,0
Kenya,0.0,ap,0
Somalia,0.0,ap,0
month,0.0067810337,ap,1
FEWS_HA,0.003288833,ap,1
tp,0.012917607,ap,1
wd,0.009669495,ap,1
ds,0.0042892187,ap,1
SPI_1,0.007915833,ap,1
SPI_3,0.005189587,ap,1
SPI_6,0.008213459,ap,1
SPI_12,0.018191405,ap,1
SPI_24,0.006188832,ap,1
SPEI_1,0.0084035015,ap,1
SPEI_3,0.006442542,ap,1
SPEI_6,0.0135852825,ap,1
SPEI_12,0.043117296,ap,1
SPEI_24,0.006151117,ap,1
SSMI_1,0.015315687,ap,1
SSMI_3,0.032841545,ap,1
SSMI_6,0.029641049,ap,1
SSMI_12,0.04483515,ap,1
SSMI_24,0.0036705143,ap,1
NDVI_anom,0.0052647074,ap,1
NDVI_anom_range,0.007826524,ap,1
NDVI_anom_crop,0.0067021227,ap,1
WVG,0.011275281,ap,1
MEI,0.0040791244,ap,1
NINA34,0.007370115,ap,1
IOD,0.007633546,ap,1
Fuel (diesel)_Pewi,7.0070804e-05,ap,1
Maize (white)_Pewi,0.006124352,ap,1
acled_count,0.00395421,ap,1
acled_fatalities,0.0026910482,ap,1
DL_area,0.0,ap,1
CPI_H,0.007467796,ap,1
CPI_F,0.013733253,ap,1
GDP,0.016035521,ap,1
FEWS_HA_4,0.005606882,ap,1
FEWS_HA_12,0.010145074,ap,1
wd_4,0.010340926,ap,1
wd_12,0.02729983,ap,1
ds_4,0.0062257624,ap,1
ds_12,0.0047421735,ap,1
NDVI_anom_4,0.006309063,ap,1
NDVI_anom_12,0.026559662,ap,1
NDVI_anom_range_4,0.0079829665,ap,1
NDVI_anom_range_12,0.008732287,ap,1
NDVI_anom_crop_4,0.0060673584,ap,1
NDVI_anom_crop_12,0.010709373,ap,1
WVG_4,0.036509927,ap,1
WVG_12,0.029663224,ap,1
MEI_4,0.008885,ap,1
MEI_12,0.022943087,ap,1
NINA34_4,0.011964497,ap,1
NINA34_12,0.0,ap,1
IOD_4,0.011515428,ap,1
IOD_12,0.036856975,ap,1
Fuel (diesel)_Pewi_4,0.0,ap,1
Fuel (diesel)_Pewi_12,0.0032561494,ap,1
Maize (white)_Pewi_4,0.0035707178,ap,1
Maize (white)_Pewi_12,0.0031411983,ap,1
acled_count_4,0.0046018995,ap,1
acled_count_12,0.0052977907,ap,1
acled_fatalities_4,0.0033306212,ap,1
acled_fatalities_12,0.007823416,ap,1
DL_area_4,0.0,ap,1
DL_area_12,0.0,ap,1
CPI_H_4,0.014819309,ap,1
CPI_H_12,0.016789753,ap,1
CPI_F_4,0.01361053,ap,1
CPI_F_12,0.011923583,ap,1
GDP_4,0.0047329427,ap,1
GDP_12,0.033237588,ap,1
OND,0.0,ap,1
MAM,0.0,ap,1
FEWS_CS_lag1,0.16661395,ap,1
FEWS_CS_lag4,0.006938193,ap,1
FEWS_CS_lag8,0.0068877167,ap,1
FEWS_CS_12,0.01748851,ap,1
Ethiopia,0.0,ap,1
Kenya,0.0,ap,1
Somalia,0.0,ap,1
month,0.019391797,ap,2
FEWS_HA,0.001999859,ap,2
tp,0.0050091487,ap,2
wd,0.004042577,ap,2
ds,0.0055169933,ap,2
SPI_1,0.009353934,ap,2
SPI_3,0.0024419026,ap,2
SPI_6,0.008568004,ap,2
SPI_12,0.0031643405,ap,2
SPI_24,0.004283453,ap,2
SPEI_1,0.0041320045,ap,2
SPEI_3,0.0041850167,ap,2
SPEI_6,0.017606622,ap,2
SPEI_12,0.05261923,ap,2
SPEI_24,0.006966443,ap,2
SSMI_1,0.019038826,ap,2
SSMI_3,0.038126476,ap,2
SSMI_6,0.027683437,ap,2
SSMI_12,0.057725396,ap,2
SSMI_24,0.0060134013,ap,2
NDVI_anom,0.021277122,ap,2
NDVI_anom_range,0.0041786693,ap,2
NDVI_anom_crop,0.009641288,ap,2
WVG,0.0055227797,ap,2
MEI,0.006978817,ap,2
NINA34,0.011206287,ap,2
IOD,0.044659674,ap,2
Fuel (diesel)_Pewi,0.0,ap,2
Maize (white)_Pewi,0.005863164,ap,2
acled_count,0.004964871,ap,2
acled_fatalities,0.0014364773,ap,2
DL_area,0.0,ap,2
CPI_H,0.009331493,ap,2
CPI_F,0.019515261,ap,2
GDP,0.0073088156,ap,2
FEWS_HA_4,0.0067647113,ap,2
FEWS_HA_12,0.007773916,ap,2
wd_4,0.0049566147,ap,2
wd_12,0.020616407,ap,2
ds_4,0.0047969315,ap,2
ds_12,0.0063270964,ap,2
NDVI_anom_4,0.0045333738,ap,2
NDVI_anom_12,0.0087504005,ap,2
NDVI_anom_range_4,0.00719972,ap,2
NDVI_anom_range_12,0.005997298,ap,2
NDVI_anom_crop_4,0.0038308373,ap,2
NDVI_anom_crop_12,0.0014883761,ap,2
WVG_4,0.011919416,ap,2
WVG_12,0.03149318,ap,2
MEI_4,0.006590242,ap,2
MEI_12,0.03868179,ap,2
NINA34_4,0.008332359,ap,2
NINA34_12,0.008909269,ap,2
IOD_4,0.015090062,ap,2
IOD_12,0.021870555,ap,2
Fuel (diesel)_Pewi_4,0.0,ap,2
Fuel (diesel)_Pewi_12,0.0,ap,2
Maize (white)_Pewi_4,0.0045429864,ap,2
Maize (white)_Pewi_12,0.0040127994,ap,2
acled_count_4,0.0010771864,ap,2
acled_count_12,0.0043895147,ap,2
acled_fatalities_4,0.0045370697,ap,2
acled_fatalities_12,0.0047073476,ap,2
DL_area_4,0.0,ap,2
DL_area_12,0.0,ap,2
CPI_H_4,0.012911127,ap,2
CPI_H_12,0.025956204,ap,2
CPI_F_4,0.0055913446,ap,2
CPI_F_12,0.010625292,ap,2
GDP_4,0.013690831,ap,2
GDP_12,0.03002421,ap,2
OND,0.0,ap,2
MAM,0.0,ap,2
FEWS_CS_lag1,0.17088036,ap,2
FEWS_CS_lag4,0.005284914,ap,2
FEWS_CS_lag8,0.0077818567,ap,2
FEWS_CS_12,0.017759828,ap,2
Ethiopia,0.0,ap,2
Kenya,0.0,ap,2
Somalia,0.00055094884,ap,2
month,0.007884267,ap,3
FEWS_HA,0.003086797,ap,3
tp,0.0032853642,ap,3
wd,0.004958735,ap,3
ds,0.001986402,ap,3
SPI_1,0.002183165,ap,3
SPI_3,0.00343586,ap,3
SPI_6,0.029650189,ap,3
SPI_12,0.0017257448,ap,3
SPI_24,0.0040685255,ap,3
SPEI_1,0.0044348137,ap,3
SPEI_3,0.002205364,ap,3
SPEI_6,0.030503219,ap,3
SPEI_12,0.026642462,ap,3
SPEI_24,0.0043088775,ap,3
SSMI_1,0.025353214,ap,3
SSMI_3,0.01784689,ap,3
SSMI_6,0.010009126,ap,3
SSMI_12,0.02675116,ap,3
SSMI_24,0.009308467,ap,3
NDVI_anom,0.027179498,ap,3
NDVI_anom_range,0.013424479,ap,3
NDVI_anom_crop,0.035587743,ap,3
WVG,0.011670209,ap,3
MEI,0.004896944,ap,3
NINA34,0.01618383,ap,3
IOD,0.0057689454,ap,3
Fuel (diesel)_Pewi,0.015465064,ap,3
Maize (white)_Pewi,0.0073133903,ap,3
acled_count,0.002374082,ap,3
acled_fatalities,0.0024716519,ap,3
DL_area,0.0,ap,3
CPI_H,0.011784226,ap,3
CPI_F,0.014336902,ap,3
GDP,0.023104418,ap,3
FEWS_HA_4,0.006323476,ap,3
FEWS_HA_12,0.010170998,ap,3
wd_4,0.0025641602,ap,3
wd_12,0.023013966,ap,3
ds_4,0.004290162,ap,3
ds_12,0.008240175,ap,3
NDVI_anom_4,0.002683008,ap,3
NDVI_anom_12,0.0061991904,ap,3
NDVI_anom_range_4,0.005595375,ap,3
NDVI_anom_range_12,0.009680483,ap,3
NDVI_anom_crop_4,0.007396223,ap,3
NDVI_anom_crop_12,0.0033956738,ap,3
WVG_4,0.008087463,ap,3
WVG_12,0.024276596,ap,3
MEI_4,0.0052206395,ap,3
MEI_12,0.06904106,ap,3
NINA34_4,0.006178097,ap,3
NINA34_12,0.00842974,ap,3
IOD_4,0.015307704,ap,3
IOD_12,0.006004794,ap,3
Fuel (diesel)_Pewi_4,0.0,ap,3
Fuel (diesel)_Pewi_12,0.0,ap,3
Maize (white)_Pewi_4,0.0026513992,ap,3
Maize (white)_Pewi_12,0.0057388116,ap,3
acled_count_4,0.0027352907,ap,3
acled_count_12,0.003865014,ap,3
acled_fatalities_4,0.0040731374,ap,3
acled_fatalities_12,0.0034262475,ap,3
DL_area_4,0.0,ap,3
DL_area_12,0.0,ap,3
CPI_H_4,0.032674093,ap,3
CPI_H_12,0.04294706,ap,3
CPI_F_4,0.018500198,ap,3
CPI_F_12,0.009106077,ap,3
GDP_4,0.013360751,ap,3
GDP_12,0.08165153,ap,3
OND,0.0,ap,3
MAM,0.0,ap,3
FEWS_CS_lag1,0.11195953,ap,3
FEWS_CS_lag4,0.0071097105,ap,3
FEWS_CS_lag8,0.0059577706,ap,3
FEWS_CS_12,0.010954336,ap,3
Ethiopia,0.0,ap,3
Kenya,0.0,ap,3
Somalia,0.0,ap,3
month,0.0039952593,ap,4
FEWS_HA,0.0045281104,ap,4
tp,0.0034088239,ap,4
wd,0.021058377,ap,4
ds,0.003646268,ap,4
SPI_1,0.0019827387,ap,4
SPI_3,0.00369931,ap,4
SPI_6,0.0027074865,ap,4
SPI_12,0.065447435,ap,4
SPI_24,0.002516008,ap,4
SPEI_1,0.009627549,ap,4
SPEI_3,0.005678296,ap,4
SPEI_6,0.033376615,ap,4
SPEI_12,0.011601934,ap,4
SPEI_24,0.01241243,ap,4
SSMI_1,0.0144420555,ap,4
SSMI_3,0.009345522,ap,4
SSMI_6,0.016864734,ap,4
SSMI_12,0.005104968,ap,4
SSMI_24,0.005795525,ap,4
NDVI_anom,0.07502266,ap,4
NDVI_anom_range,0.0056792377,ap,4
NDVI_anom_crop,0.010415825,ap,4
WVG,0.027666451,ap,4
MEI,0.01827535,ap,4
NINA34,0.005512318,ap,4
IOD,0.0030470095,ap,4
Fuel (diesel)_Pewi,0.0022104527,ap,4
Maize (white)_Pewi,0.0025036952,ap,4
acled_count,0.0016794701,ap,4
acled_fatalities,0.0045714444,ap,4
DL_area,0.0,ap,4
CPI_H,0.00812107,ap,4
CPI_F,0.016038153,ap,4
GDP,0.012205236,ap,4
FEWS_HA_4,0.0040618815,ap,4
FEWS_HA_12,0.004887629,ap,4
wd_4,0.016643507,ap,4
wd_12,0.023205033,ap,4
ds_4,0.017377844,ap,4
ds_12,0.00400592,ap,4
NDVI_anom_4,0.009518868,ap,4
NDVI_anom_12,0.0047912197,ap,4
NDVI_anom_range_4,0.0059839296,ap,4
NDVI_anom_range_12,0.0083590625,ap,4
NDVI_anom_crop_4,0.0057783118,ap,4
NDVI_anom_crop_12,0.004706606,ap,4
WVG_4,0.027413117,ap,4
WVG_12,0.02177347,ap,4
MEI_4,0.06624973,ap,4
MEI_12,0.07258502,ap,4
NINA34_4,0.006426853,ap,4
NINA34_12,0.006717684,ap,4
IOD_4,0.005192763,ap,4
IOD_12,0.012089004,ap,4
Fuel (diesel)_Pewi_4,0.0,ap,4
Fuel (diesel)_Pewi_12,0.0,ap,4
Maize (white)_Pewi_4,0.008256989,ap,4
Maize (white)_Pewi_12,0.0041314717,ap,4
acled_count_4,0.007616083,ap,4
acled_count_12,0.0030073468,ap,4
acled_fatalities_4,0.0048157475,ap,4
acled_fatalities_12,0.0050723404,ap,4
DL_area_4,0.0,ap,4
DL_area_12,0.0,ap,4
CPI_H_4,0.012168321,ap,4
CPI_H_12,0.016744794,ap,4
CPI_F_4,0.012956599,ap,4
CPI_F_12,0.015419002,ap,4
GDP_4,0.023454642,ap,4
GDP_12,0.036727097,ap,4
OND,0.0,ap,4
MAM,0.0,ap,4
FEWS_CS_lag1,0.06614619,ap,4
FEWS_CS_lag4,0.011840905,ap,4
FEWS_CS_lag8,0.006821958,ap,4
FEWS_CS_12,0.0068652695,ap,4
Ethiopia,0.0,ap,4
Kenya,0.0,ap,4
Somalia,0.0,ap,4
month,0.0022383265,ap,8
FEWS_HA,0.0007842745,ap,8
tp,0.0055271005,ap,8
wd,0.007956862,ap,8
ds,0.0037034196,ap,8
SPI_1,0.003988572,ap,8
SPI_3,0.005293336,ap,8
SPI_6,0.0032763148,ap,8
SPI_12,0.0053330637,ap,8
SPI_24,0.0036262728,ap,8
SPEI_1,0.0035887603,ap,8
SPEI_3,0.006975525,ap,8
SPEI_6,0.03319412,ap,8
SPEI_12,0.0049421685,ap,8
SPEI_24,0.006801932,ap,8
SSMI_1,0.010167387,ap,8
SSMI_3,0.080130786,ap,8
SSMI_6,0.031011429,ap,8
SSMI_12,0.0031500729,ap,8
SSMI_24,0.008486575,ap,8
NDVI_anom,0.021397313,ap,8
NDVI_anom_range,0.0030477133,ap,8
NDVI_anom_crop,0.015095258,ap,8
WVG,0.0044791447,ap,8
MEI,0.0042832056,ap,8
NINA34,0.14888261,ap,8
IOD,0.016211852,ap,8
Fuel (diesel)_Pewi,0.0056019127,ap,8
Maize (white)_Pewi,0.0044003814,ap,8
acled_count,0.005478415,ap,8
acled_fatalities,0.0053038746,ap,8
DL_area,0.0,ap,8
CPI_H,0.00579505,ap,8
CPI_F,0.0076315682,ap,8
GDP,0.027602578,ap,8
FEWS_HA_4,0.0073193335,ap,8
FEWS_HA_12,0.011689827,ap,8
wd_4,0.0035867654,ap,8
wd_12,0.014378782,ap,8
ds_4,0.010923717,ap,8
ds_12,0.012137883,ap,8
NDVI_anom_4,0.005500974,ap,8
NDVI_anom_12,0.0069027594,ap,8
NDVI_anom_range_4,0.0036994717,ap,8
NDVI_anom_range_12,0.006938389,ap,8
NDVI_anom_crop_4,0.013058597,ap,8
NDVI_anom_crop_12,0.013445797,ap,8
WVG_4,0.0055836784,ap,8
WVG_12,0.009588397,ap,8
MEI_4,0.020077918,ap,8
MEI_12,0.0056061526,ap,8
NINA34_4,0.005833039,ap,8
NINA34_12,0.0026155938,ap,8
IOD_4,0.015151473,ap,8
IOD_12,0.009974924,ap,8
Fuel (diesel)_Pewi_4,0.0,ap,8
Fuel (diesel)_Pewi_12,0.0,ap,8
Maize (white)_Pewi_4,0.004441797,ap,8
Maize (white)_Pewi_12,0.008231775,ap,8
acled_count_4,0.0031470088,ap,8
acled_count_12,0.008858357,ap,8
acled_fatalities_4,0.0040449975,ap,8
acled_fatalities_12,0.004713685,ap,8
DL_area_4,0.0,ap,8
DL_area_12,0.0,ap,8
CPI_H_4,0.030774005,ap,8
CPI_H_12,0.06874093,ap,8
CPI_F_4,0.0041554263,ap,8
CPI_F_12,0.03670131,ap,8
GDP_4,0.020093037,ap,8
GDP_12,0.06462631,ap,8
OND,0.0,ap,8
MAM,0.0065269466,ap,8
FEWS_CS_lag1,0.021587113,ap,8
FEWS_CS_lag4,0.006152527,ap,8
FEWS_CS_lag8,0.005065371,ap,8
FEWS_CS_12,0.012738808,ap,8
Ethiopia,0.0,ap,8
Kenya,0.0,ap,8
Somalia,0.0,ap,8
month,0.0051072324,ap,12
FEWS_HA,0.0038388914,ap,12
tp,0.005432926,ap,12
wd,0.0044361805,ap,12
ds,0.0047229673,ap,12
SPI_1,0.0018326729,ap,12
SPI_3,0.0042608147,ap,12
SPI_6,0.0030909926,ap,12
SPI_12,0.0041606994,ap,12
SPI_24,0.006276879,ap,12
SPEI_1,0.003847927,ap,12
SPEI_3,0.005276611,ap,12
SPEI_6,0.008127674,ap,12
SPEI_12,0.004745349,ap,12
SPEI_24,0.002515597,ap,12
SSMI_1,0.0029341176,ap,12
SSMI_3,0.004381128,ap,12
SSMI_6,0.0018232873,ap,12
SSMI_12,0.0066609266,ap,12
SSMI_24,0.01154892,ap,12
NDVI_anom,0.0010365588,ap,12
NDVI_anom_range,0.0048151556,ap,12
NDVI_anom_crop,0.014974304,ap,12
WVG,0.023252226,ap,12
MEI,0.11511819,ap,12
NINA34,0.0047532595,ap,12
IOD,0.025032757,ap,12
Fuel (diesel)_Pewi,0.0,ap,12
Maize (white)_Pewi,0.008859722,ap,12
acled_count,0.005370724,ap,12
acled_fatalities,0.0034179345,ap,12
DL_area,0.0,ap,12
CPI_H,0.0251358,ap,12
CPI_F,0.037764005,ap,12
GDP,0.027289484,ap,12
FEWS_HA_4,0.012087742,ap,12
FEWS_HA_12,0.009490314,ap,12
wd_4,0.016531244,ap,12
wd_12,0.01056487,ap,12
ds_4,0.0051186737,ap,12
ds_12,0.010047353,ap,12
NDVI_anom_4,0.0028437474,ap,12
NDVI_anom_12,0.01149553,ap,12
NDVI_anom_range_4,0.00583161,ap,12
NDVI_anom_range_12,0.0079216715,ap,12
NDVI_anom_crop_4,0.009281389,ap,12
NDVI_anom_crop_12,0.006854776,ap,12
WVG_4,0.0,ap,12
WVG_12,0.026661837,ap,12
MEI_4,0.030266767,ap,12
MEI_12,0.005684873,ap,12
NINA34_4,0.006661131,ap,12
NINA34_12,0.010277553,ap,12
IOD_4,0.0059015104,ap,12
IOD_12,0.03471843,ap,12
Fuel (diesel)_Pewi_4,0.0,ap,12
Fuel (diesel)_Pewi_12,0.0032705492,ap,12
Maize (white)_Pewi_4,0.012287295,ap,12
Maize (white)_Pewi_12,0.0043296055,ap,12
acled_count_4,0.0017003772,ap,12
acled_count_12,0.0061065946,ap,12
acled_fatalities_4,0.0083218785,ap,12
acled_fatalities_12,0.005034718,ap,12
DL_area_4,0.0,ap,12
DL_area_12,0.0056917826,ap,12
CPI_H_4,0.05653782,ap,12
CPI_H_12,0.049750865,ap,12
CPI_F_4,0.0,ap,12
CPI_F_12,0.023086919,ap,12
GDP_4,0.088881575,ap,12
GDP_12,0.072183475,ap,12
OND,0.0,ap,12
MAM,0.0,ap,12
FEWS_CS_lag1,0.018538563,ap,12
FEWS_CS_lag4,0.004835259,ap,12
FEWS_CS_lag8,0.0075386884,ap,12
FEWS_CS_12,0.011821032,ap,12
Ethiopia,0.0,ap,12
Kenya,0.0,ap,12
Somalia,0.0,ap,12
month,0.013195717,other,0
FEWS_HA,0.004080445,other,0
tp,0.0065893717,other,0
wd,0.009127765,other,0
ds,0.005326156,other,0
SPI_1,0.012197989,other,0
SPI_3,0.0031272157,other,0
SPI_6,0.012330097,other,0
SPI_12,0.0045424104,other,0
SPI_24,0.0045040944,other,0
SPEI_1,0.009402711,other,0
SPEI_3,0.006213248,other,0
SPEI_6,0.006460216,other,0
SPEI_12,0.013315262,other,0
SPEI_24,0.004615974,other,0
SSMI_1,0.004383294,other,0
SSMI_3,0.026131565,other,0
SSMI_6,0.021947496,other,0
SSMI_12,0.013029836,other,0
SSMI_24,0.0029454513,other,0
NDVI_anom,0.00308074,other,0
NDVI_anom_range,0.003417532,other,0
NDVI_anom_crop,0.0025654307,other,0
WVG,0.0039251307,other,0
MEI,0.015486099,other,0
NINA34,0.011802518,other,0
IOD,0.008880051,other,0
Fuel (diesel)_Pewi,0.0065075555,other,0
Maize (white)_Pewi,0.006267031,other,0
acled_count,0.0025337525,other,0
acled_fatalities,0.005569021,other,0
DL_area,0.0,other,0
CPI_H,0.009565854,other,0
CPI_F,0.0057196603,other,0
GDP,0.012411494,other,0
FEWS_HA_4,0.012194892,other,0
FEWS_HA_12,0.020647217,other,0
wd_4,0.006653869,other,0
wd_12,0.009513101,other,0
ds_4,0.016212162,other,0
ds_12,0.0042715506,other,0
NDVI_anom_4,0.016473282,other,0
NDVI_anom_12,0.007456893,other,0
NDVI_anom_range_4,0.008192185,other,0
NDVI_anom_range_12,0.0036114748,other,0
NDVI_anom_crop_4,0.007591761,other,0
NDVI_anom_crop_12,0.01804993,other,0
WVG_4,0.004616331,other,0
WVG_12,0.012906094,other,0
MEI_4,0.014111011,other,0
MEI_12,0.009190647,other,0
NINA34_4,0.0070441123,other,0
NINA34_12,0.0039013186,other,0
IOD_4,0.014793875,other,0
IOD_12,0.011615205,other,0
Fuel (diesel)_Pewi_4,0.002565225,other,0
Fuel (diesel)_Pewi_12,0.0027249746,other,0
Maize (white)_Pewi_4,0.0075749494,other,0
Maize (white)_Pewi_12,0.006400188,other,0
acled_count_4,0.0041441694,other,0
acled_count_12,0.0059633795,other,0
acled_fatalities_4,0.0053375307,other,0
acled_fatalities_12,0.0067777988,other,0
DL_area_4,0.0,other,0
DL_area_12,0.00299016,other,0
CPI_H_4,0.026041273,other,0
CPI_H_12,0.0,other,0
CPI_F_4,0.023327576,other,0
CPI_F_12,0.00463452,other,0
GDP_4,0.022238433,other,0
GDP_12,0.031992618,other,0
OND,0.0,other,0
MAM,0.016688412,other,0
FEWS_CS_lag1,0.24802822,other,0
FEWS_CS_lag4,0.007079685,other,0
FEWS_CS_lag8,0.010661661,other,0
FEWS_CS_12,0.060436446,other,0
Ethiopia,0.00971717,other,0
Kenya,0.0,other,0
Somalia,0.0044305464,other,0
month,0.012244148,other,1
FEWS_HA,0.008791114,other,1
tp,0.005527751,other,1
wd,0.007094478,other,1
ds,0.004291749,other,1
SPI_1,0.0057177274,other,1
SPI_3,0.025418345,other,1
SPI_6,0.008260878,other,1
SPI_12,0.0059022075,other,1
SPI_24,0.0059288433,other,1
SPEI_1,0.011384631,other,1
SPEI_3,0.0075908005,other,1
SPEI_6,0.018633386,other,1
SPEI_12,0.010560968,other,1
SPEI_24,0.009852723,other,1
SSMI_1,0.015102699,other,1
SSMI_3,0.015868822,other,1
SSMI_6,0.0245012,other,1
SSMI_12,0.012237716,other,1
SSMI_24,0.002557259,other,1
NDVI_anom,0.01044657,other,1
NDVI_anom_range,0.0040071825,other,1
NDVI_anom_crop,0.0035053398,other,1
WVG,0.004907041,other,1
MEI,0.010969885,other,1
NINA34,0.008575013,other,1
IOD,0.008123275,other,1
Fuel (diesel)_Pewi,0.0043014744,other,1
Maize (white)_Pewi,0.005334463,other,1
acled_count,0.0017571939,other,1
acled_fatalities,0.0062383795,other,1
DL_area,0.0,other,1
CPI_H,0.01672383,other,1
CPI_F,0.004190833,other,1
GDP,0.0076181507,other,1
FEWS_HA_4,0.01359869,other,1
FEWS_HA_12,0.019689292,other,1
wd_4,0.02103799,other,1
wd_12,0.007178663,other,1
ds_4,0.014603269,other,1
ds_12,0.002272098,other,1
NDVI_anom_4,0.010759687,other,1
NDVI_anom_12,0.0043938085,other,1
NDVI_anom_range_4,0.007298158,other,1
NDVI_anom_range_12,0.004468332,other,1
NDVI_anom_crop_4,0.009906675,other,1
NDVI_anom_crop_12,0.003692035,other,1
WVG_4,0.009843323,other,1
WVG_12,0.010054584,other,1
MEI_4,0.0074361707,other,1
MEI_12,0.013355313,other,1
NINA34_4,0.007605932,other,1
NINA34_12,0.0040505063,other,1
IOD_4,0.01853571,other,1
IOD_12,0.0075243604,other,1
Fuel (diesel)_Pewi_4,0.0,other,1
Fuel (diesel)_Pewi_12,0.0,other,1
Maize (white)_Pewi_4,0.008590737,other,1
Maize (white)_Pewi_12,0.0048631914,other,1
acled_count_4,0.0062773856,other,1
acled_count_12,0.0072498354,other,1
acled_fatalities_4,0.0035544941,other,1
acled_fatalities_12,0.005832251,other,1
DL_area_4,0.0,other,1
DL_area_12,0.0032801002,other,1
CPI_H_4,0.016263027,other,1
CPI_H_12,0.0066348873,other,1
CPI_F_4,0.016313048,other,1
CPI_F_12,0.0031404495,other,1
GDP_4,0.012931717,other,1
GDP_12,0.038241267,other,1
OND,0.0,other,1
MAM,0.02232028,other,1
FEWS_CS_lag1,0.25382084,other,1
FEWS_CS_lag4,0.0035574487,other,1
FEWS_CS_lag8,0.016471885,other,1
FEWS_CS_12,0.05493899,other,1
Ethiopia,0.0,other,1
Kenya,0.0,other,1
Somalia,0.004247521,other,1
month,0.013728178,other,2
FEWS_HA,0.012371429,other,2
tp,0.0071748486,other,2
wd,0.007797949,other,2
ds,0.00522531,other,2
SPI_1,0.0067752893,other,2
SPI_3,0.009775884,other,2
SPI_6,0.010787133,other,2
SPI_12,0.0047213556,other,2
SPI_24,0.0043664356,other,2
SPEI_1,0.0019467381,other,2
SPEI_3,0.004583546,other,2
SPEI_6,0.02300349,other,2
SPEI_12,0.008523089,other,2
SPEI_24,0.006318926,other,2
SSMI_1,0.012128902,other,2
SSMI_3,0.02215663,other,2
SSMI_6,0.014509025,other,2
SSMI_12,0.010428196,other,2
SSMI_24,0.0031822952,other,2
NDVI_anom,0.011504126,other,2
NDVI_anom_range,0.004520024,other,2
NDVI_anom_crop,0.0059374366,other,2
WVG,0.007505668,other,2
MEI,0.0121441195,other,2
NINA34,0.0041084504,other,2
IOD,0.009192677,other,2
Fuel (diesel)_Pewi,0.0037662592,other,2
Maize (white)_Pewi,0.010032149,other,2
acled_count,0.0,other,2
acled_fatalities,0.0086422,other,2
DL_area,0.0,other,2
CPI_H,0.012834799,other,2
CPI_F,0.012174555,other,2
GDP,0.015319499,other,2
FEWS_HA_4,0.013448566,other,2
FEWS_HA_12,0.024585083,other,2
wd_4,0.038228795,other,2
wd_12,0.009055977,other,2
ds_4,0.006312838,other,2
ds_12,0.0050057927,other,2
NDVI_anom_4,0.007866295,other,2
NDVI_anom_12,0.00328961,other,2
NDVI_anom_range_4,0.00738329,other,2
NDVI_anom_range_12,0.0065730764,other,2
NDVI_anom_crop_4,0.014568374,other,2
NDVI_anom_crop_12,0.002427598,other,2
WVG_4,0.0072758556,other,2
WVG_12,0.021918807,other,2
MEI_4,0.0064453646,other,2
MEI_12,0.005770444,other,2
NINA34_4,0.008895522,other,2
NINA34_12,0.010363581,other,2
IOD_4,0.016475677,other,2
IOD_12,0.010755427,other,2
Fuel (diesel)_Pewi_4,0.0,other,2
Fuel (diesel)_Pewi_12,0.0,other,2
Maize (white)_Pewi_4,0.005398104,other,2
Maize (white)_Pewi_12,0.0044828276,other,2
acled_count_4,0.023145175,other,2
acled_count_12,0.005996767,other,2
acled_fatalities_4,0.0021884502,other,2
acled_fatalities_12,0.00681385,other,2
DL_area_4,0.0,other,2
DL_area_12,0.0,other,2
CPI_H_4,0.008945089,other,2
CPI_H_12,0.009111672,other,2
CPI_F_4,0.012000551,other,2
CPI_F_12,0.003655852,other,2
GDP_4,0.014872719,other,2
GDP_12,0.03511511,other,2
OND,0.0,other,2
MAM,0.0,other,2
FEWS_CS_lag1,0.27622607,other,2
FEWS_CS_lag4,0.005769482,other,2
FEWS_CS_lag8,0.010671843,other,2
FEWS_CS_12,0.036898144,other,2
Ethiopia,0.0,other,2
Kenya,0.0,other,2
Somalia,0.0048756646,other,2
month,0.0070616314,other,3
FEWS_HA,0.012754359,other,3
tp,0.007133392,other,3
wd,0.002495794,other,3
ds,0.0030429808,other,3
SPI_1,0.0026770667,other,3
SPI_3,0.004556713,other,3
SPI_6,0.003918641,other,3
SPI_12,0.0012260035,other,3
SPI_24,0.0048036594,other,3
SPEI_1,0.011276834,other,3
SPEI_3,0.0123235695,other,3
SPEI_6,0.009537173,other,3
SPEI_12,0.01957035,other,3
SPEI_24,0.0095502995,other,3
SSMI_1,0.009358286,other,3
SSMI_3,0.026364496,other,3
SSMI_6,0.01948638,other,3
SSMI_12,0.013325802,other,3
SSMI_24,0.0052791187,other,3
NDVI_anom,0.009472492,other,3
NDVI_anom_range,0.0056093163,other,3
NDVI_anom_crop,0.009053427,other,3
WVG,0.006178752,other,3
MEI,0.02168574,other,3
NINA34,0.0051735155,other,3
IOD,0.013050985,other,3
Fuel (diesel)_Pewi,0.0033666731,other,3
Maize (white)_Pewi,0.008423305,other,3
acled_count,0.0010248874,other,3
acled_fatalities,0.004588748,other,3
DL_area,0.0,other,3
CPI_H,0.008509626,other,3
CPI_F,0.009405715,other,3
GDP,0.014628991,other,3
FEWS_HA_4,0.014346635,other,3
FEWS_HA_12,0.03222679,other,3
wd_4,0.039035346,other,3
wd_12,0.0082977805,other,3
ds_4,0.019913591,other,3
ds_12,0.0034550182,other,3
NDVI_anom_4,0.008614794,other,3
NDVI_anom_12,0.008023267,other,3
NDVI_anom_range_4,0.010439864,other,3
NDVI_anom_range_12,0.0044152304,other,3
NDVI_anom_crop_4,0.006433287,other,3
NDVI_anom_crop_12,0.0032489256,other,3
WVG_4,0.01454842,other,3
WVG_12,0.01719981,other,3
MEI_4,0.0074956296,other,3
MEI_12,0.008652236,other,3
NINA34_4,0.013485874,other,3
NINA34_12,0.00962316,other,3
IOD_4,0.011156319,other,3
IOD_12,0.019829893,other,3
Fuel (diesel)_Pewi_4,0.0,other,3
Fuel (diesel)_Pewi_12,0.0,other,3
Maize (white)_Pewi_4,0.0074174246,other,3
Maize (white)_Pewi_12,0.00364508,other,3
acled_count_4,0.005187904,other,3
acled_count_12,0.0055065183,other,3
acled_fatalities_4,0.012909254,other,3
acled_fatalities_12,0.0070250314,other,3
DL_area_4,0.0,other,3
DL_area_12,0.0021652333,other,3
CPI_H_4,0.016616678,other,3
CPI_H_12,0.008744286,other,3
CPI_F_4,0.006494296,other,3
CPI_F_12,0.006049056,other,3
GDP_4,0.046290938,other,3
GDP_12,0.020091863,other,3
OND,0.0,other,3
MAM,0.0,other,3
FEWS_CS_lag1,0.20948353,other,3
FEWS_CS_lag4,0.004306136,other,3
FEWS_CS_lag8,0.0095337685,other,3
FEWS_CS_12,0.059314776,other,3
Ethiopia,0.0,other,3
Kenya,0.0,other,3
Somalia,0.0028616022,other,3
month,0.004980128,other,4
FEWS_HA,0.011170563,other,4
tp,0.013306559,other,4
wd,0.0069672386,other,4
ds,0.0058170366,other,4
SPI_1,0.005869238,other,4
SPI_3,0.004394568,other,4
SPI_6,0.0030577204,other,4
SPI_12,0.004046118,other,4
SPI_24,0.0033689367,other,4
SPEI_1,0.0039379103,other,4
SPEI_3,0.0071665565,other,4
SPEI_6,0.013883646,other,4
SPEI_12,0.03064293,other,4
SPEI_24,0.0052553066,other,4
SSMI_1,0.017561633,other,4
SSMI_3,0.018596835,other,4
SSMI_6,0.014585568,other,4
SSMI_12,0.0053320886,other,4
SSMI_24,0.0045486437,other,4
NDVI_anom,0.009356716,other,4
NDVI_anom_range,0.012424394,other,4
NDVI_anom_crop,0.0037419319,other,4
WVG,0.010048447,other,4
MEI,0.013072663,other,4
NINA34,0.0072664926,other,4
IOD,0.012272021,other,4
Fuel (diesel)_Pewi,0.0038176186,other,4
Maize (white)_Pewi,0.008177991,other,4
acled_count,0.0068588452,other,4
acled_fatalities,0.007825144,other,4
DL_area,0.0,other,4
CPI_H,0.013472075,other,4
CPI_F,0.008022034,other,4
GDP,0.006949107,other,4
FEWS_HA_4,0.012244875,other,4
FEWS_HA_12,0.022519458,other,4
wd_4,0.011097962,other,4
wd_12,0.007475493,other,4
ds_4,0.013139807,other,4
ds_12,0.0031433494,other,4
NDVI_anom_4,0.009362107,other,4
NDVI_anom_12,0.0051209265,other,4
NDVI_anom_range_4,0.009770271,other,4
NDVI_anom_range_12,0.0047442545,other,4
NDVI_anom_crop_4,0.009167512,other,4
NDVI_anom_crop_12,0.0040506455,other,4
WVG_4,0.008502222,other,4
WVG_12,0.016908215,other,4
MEI_4,0.00742462,other,4
MEI_12,0.008356856,other,4
NINA34_4,0.0036935862,other,4
NINA34_12,0.010410198,other,4
IOD_4,0.005592745,other,4
IOD_12,0.005061011,other,4
Fuel (diesel)_Pewi_4,0.0,other,4
Fuel (diesel)_Pewi_12,0.002521793,other,4
Maize (white)_Pewi_4,0.007612012,other,4
Maize (white)_Pewi_12,0.003698748,other,4
acled_count_4,0.002634888,other,4
acled_count_12,0.005006311,other,4
acled_fatalities_4,0.022529533,other,4
acled_fatalities_12,0.0140799675,other,4
DL_area_4,0.0,other,4
DL_area_12,0.002520602,other,4
CPI_H_4,0.021280097,other,4
CPI_H_12,0.012539953,other,4
CPI_F_4,0.0042784205,other,4
CPI_F_12,0.0076907678,other,4
GDP_4,0.08829527,other,4
GDP_12,0.02211441,other,4
OND,0.0,other,4
MAM,0.006118597,other,4
FEWS_CS_lag1,0.13073173,other,4
FEWS_CS_lag4,0.026699485,other,4
FEWS_CS_lag8,0.0074605155,other,4
FEWS_CS_12,0.12660603,other,4
Ethiopia,0.0,other,4
Kenya,0.0,other,4
Somalia,0.0,other,4
month,0.003774913,other,8
FEWS_HA,0.0029298458,other,8
tp,0.005278797,other,8
wd,0.0016002886,other,8
ds,0.006294292,other,8
SPI_1,0.0050446014,other,8
SPI_3,0.0013095129,other,8
SPI_6,0.003451619,other,8
SPI_12,0.0031775187,other,8
SPI_24,0.003963279,other,8
SPEI_1,0.0041328697,other,8
SPEI_3,0.015050158,other,8
SPEI_6,0.0037907707,other,8
SPEI_12,0.013443587,other,8
SPEI_24,0.010000312,other,8
SSMI_1,0.010540497,other,8
SSMI_3,0.006495855,other,8
SSMI_6,0.0036855454,other,8
SSMI_12,0.0034755804,other,8
SSMI_24,0.0046226573,other,8
NDVI_anom,0.004377145,other,8
NDVI_anom_range,0.0052589634,other,8
NDVI_anom_crop,0.003872362,other,8
WVG,0.012062109,other,8
MEI,0.005227063,other,8
NINA34,0.009753633,other,8
IOD,0.0029813307,other,8
Fuel (diesel)_Pewi,0.004723527,other,8
Maize (white)_Pewi,0.0062565617,other,8
acled_count,0.0016136884,other,8
acled_fatalities,0.0035748587,other,8
DL_area,0.0,other,8
CPI_H,0.018201446,other,8
CPI_F,0.01763081,other,8
GDP,0.09786967,other,8
FEWS_HA_4,0.010078477,other,8
FEWS_HA_12,0.018420199,other,8
wd_4,0.0030838926,other,8
wd_12,0.010784268,other,8
ds_4,0.006903319,other,8
ds_12,0.0042531295,other,8
NDVI_anom_4,0.0040584146,other,8
NDVI_anom_12,0.008201761,other,8
NDVI_anom_range_4,0.0017322571,other,8
NDVI_anom_range_12,0.0033044263,other,8
NDVI_anom_crop_4,0.0015848903,other,8
NDVI_anom_crop_12,0.007210686,other,8
WVG_4,0.019756043,other,8
WVG_12,0.012169016,other,8
MEI_4,0.011754667,other,8
MEI_12,0.014677521,other,8
NINA34_4,0.009460049,other,8
NINA34_12,0.014583205,other,8
IOD_4,0.005307201,other,8
IOD_12,0.020265365,other,8
Fuel (diesel)_Pewi_4,0.0,other,8
Fuel (diesel)_Pewi_12,0.002152631,other,8
Maize (white)_Pewi_4,0.0055438466,other,8
Maize (white)_Pewi_12,0.005093907,other,8
acled_count_4,0.0,other,8
acled_count_12,0.0052111247,other,8
acled_fatalities_4,0.010404536,other,8
acled_fatalities_12,0.0120000355,other,8
DL_area_4,0.0,other,8
DL_area_12,0.002853193,other,8
CPI_H_4,0.007986106,other,8
CPI_H_12,0.014567911,other,8
CPI_F_4,0.026320279,other,8
CPI_F_12,0.0037880088,other,8
GDP_4,0.013646999,other,8
GDP_12,0.019910673,other,8
OND,0.0,other,8
MAM,0.0092127025,other,8
FEWS_CS_lag1,0.20824301,other,8
FEWS_CS_lag4,0.018619413,other,8
FEWS_CS_lag8,0.005010653,other,8
FEWS_CS_12,0.111219116,other,8
Ethiopia,0.0074684247,other,8
Kenya,0.0,other,8
Somalia,0.017692938,other,8
month,0.009455508,other,12
FEWS_HA,0.01103219,other,12
tp,0.005040528,other,12
wd,0.004511044,other,12
ds,0.00967091,other,12
SPI_1,0.0043776967,other,12
SPI_3,0.0033204667,other,12
SPI_6,0.003683088,other,12
SPI_12,0.0042491965,other,12
SPI_24,0.0045556785,other,12
SPEI_1,0.0025996054,other,12
SPEI_3,0.0039029012,other,12
SPEI_6,0.0036331867,other,12
SPEI_12,0.0033272444,other,12
SPEI_24,0.005568257,other,12
SSMI_1,0.0029135244,other,12
SSMI_3,0.004724943,other,12
SSMI_6,0.0028813444,other,12
SSMI_12,0.002366585,other,12
SSMI_24,0.0078110476,other,12
NDVI_anom,0.0015224129,other,12
NDVI_anom_range,0.003772097,other,12
NDVI_anom_crop,0.0017914604,other,12
WVG,0.0205282,other,12
MEI,0.008519415,other,12
NINA34,0.019021519,other,12
IOD,0.007747563,other,12
Fuel (diesel)_Pewi,0.0054459698,other,12
Maize (white)_Pewi,0.005740673,other,12
acled_count,0.027209824,other,12
acled_fatalities,0.004095864,other,12
DL_area,0.0,other,12
CPI_H,0.008802598,other,12
CPI_F,0.014887548,other,12
GDP,0.005459356,other,12
FEWS_HA_4,0.016202424,other,12
FEWS_HA_12,0.012660932,other,12
wd_4,0.0030584666,other,12
wd_12,0.014054349,other,12
ds_4,0.0075449864,other,12
ds_12,0.008565931,other,12
NDVI_anom_4,0.0070624086,other,12
NDVI_anom_12,0.016778393,other,12
NDVI_anom_range_4,0.0041916557,other,12
NDVI_anom_range_12,0.0054163258,other,12
NDVI_anom_crop_4,0.0021912288,other,12
NDVI_anom_crop_12,0.008908933,other,12
WVG_4,0.022513205,other,12
WVG_12,0.011320896,other,12
MEI_4,0.020408954,other,12
MEI_12,0.0046830466,other,12
NINA34_4,0.006412775,other,12
NINA34_12,0.013733404,other,12
IOD_4,0.018245393,other,12
IOD_12,0.014685283,other,12
Fuel (diesel)_Pewi_4,0.0,other,12
Fuel (diesel)_Pewi_12,0.003484149,other,12
Maize (white)_Pewi_4,0.0064814193,other,12
Maize (white)_Pewi_12,0.004638914,other,12
acled_count_4,0.0069526383,other,12
acled_count_12,0.011159838,other,12
acled_fatalities_4,0.012340347,other,12
acled_fatalities_12,0.012105411,other,12
DL_area_4,0.0,other,12
DL_area_12,0.0028705543,other,12
CPI_H_4,0.023227237,other,12
CPI_H_12,0.018505933,other,12
CPI_F_4,0.011647394,other,12
CPI_F_12,0.0064495513,other,12
GDP_4,0.021752492,other,12
GDP_12,0.09086237,other,12
OND,0.0,other,12
MAM,0.013937643,other,12
FEWS_CS_lag1,0.09256506,other,12
FEWS_CS_lag4,0.0056529213,other,12
FEWS_CS_lag8,0.007196663,other,12
FEWS_CS_12,0.15726483,other,12
Ethiopia,0.0,other,12
Kenya,0.0,other,12
Somalia,0.038096145,other,12
