combo,subset,lead,n,accuracy,f1_weighted,mae,r2
XGB+RF+LSTM+TabICL,all,0,1380,0.7123188405797102,0.7226177195934625,0.3079039813088779,0.7470856001199611
XGB+RF+LSTM+TabICL,all,1,1380,0.7268115942028985,0.7341351559141134,0.2968008528186255,0.7523371891719927
XGB+RF+LSTM+TabICL,all,2,1380,0.722463768115942,0.7296251704432176,0.30703145609096427,0.7408711599320317
XGB+RF+LSTM+TabICL,all,3,1380,0.722463768115942,0.7285432947001754,0.30735725378309675,0.7535794869571231
XGB+RF+LSTM+TabICL,all,4,1380,0.7,0.7069547155491197,0.3382703898573873,0.7103653855567504
XGB+RF+LSTM+TabICL,all,8,1380,0.6847826086956522,0.6844266894860678,0.362898832076953,0.6401834451933486
XGB+RF+LSTM+TabICL,all,12,1380,0.6818840579710145,0.666789887296546,0.3629362574489742,0.6316969971522293
XGB+RF+LSTM+TabICL,pastoral,0,300,0.6433333333333333,0.6315774052395663,0.34730171636203355,0.5095942536753989
XGB+RF+LSTM+TabICL,pastoral,1,300,0.6666666666666666,0.6569763931888545,0.3379886877439942,0.5400045256769982
XGB+RF+LSTM+TabICL,pastoral,2,300,0.6533333333333333,0.6426873876523842,0.35420557302689987,0.5182492784999282
XGB+RF+LSTM+TabICL,pastoral,3,300,0.65,0.6413106134371958,0.3511385808795659,0.5313362551696751
XGB+RF+LSTM+TabICL,pastoral,4,300,0.59,0.5684838857707649,0.4161785582673136,0.40617896389467856
XGB+RF+LSTM+TabICL,pastoral,8,300,0.6033333333333334,0.5798433056895143,0.4211662542216801,0.39570973548728294
XGB+RF+LSTM+TabICL,pastoral,12,300,0.5966666666666667,0.5360416666666666,0.43733070352543657,0.30671291925973154
XGB+RF+LSTM+TabICL,agropastoral,0,75,0.6933333333333334,0.7028372373382676,0.3825243029845619,0.3669316145133372
XGB+RF+LSTM+TabICL,agropastoral,1,75,0.6533333333333333,0.6631990231990232,0.39376691310586753,0.3326623749139035
XGB+RF+LSTM+TabICL,agropastoral,2,75,0.68,0.689015873015873,0.3803417591958065,0.36610136947506156
XGB+RF+LSTM+TabICL,agropastoral,3,75,0.68,0.6863809523809524,0.3535114498428387,0.4830158365616054
XGB+RF+LSTM+TabICL,agropastoral,4,75,0.6933333333333334,0.6965228758169935,0.37720981465722886,0.4219117010434651
XGB+RF+LSTM+TabICL,agropastoral,8,75,0.7466666666666667,0.738505115359048,0.3479156313860998,0.511542646174203
XGB+RF+LSTM+TabICL,agropastoral,12,75,0.7066666666666667,0.6655647130647131,0.3796321571716408,0.46991662664602163
XGB+RF+LSTM+TabICL,crop_farming,0,1005,0.7343283582089553,0.7469223202926419,0.2905747826604968,0.6945365375324279
XGB+RF+LSTM+TabICL,crop_farming,1,1005,0.7502487562189055,0.7594522804120372,0.2772697035657363,0.6988328519401007
XGB+RF+LSTM+TabICL,crop_farming,2,1005,0.746268656716418,0.7554002231963747,0.28747871199778635,0.6819809798664851
XGB+RF+LSTM+TabICL,crop_farming,3,1005,0.7472636815920398,0.7540278601575516,0.2908438579289462,0.6957883710892934
XGB+RF+LSTM+TabICL,crop_farming,4,1005,0.7333333333333333,0.7402340394170975,0.3121082929589137,0.6501113040180773
XGB+RF+LSTM+TabICL,crop_farming,8,1005,0.7044776119402985,0.7045202037295951,0.3466237210405309,0.5264896107088815
XGB+RF+LSTM+TabICL,crop_farming,12,1005,0.7054726368159204,0.688701084717357,0.3394829974468461,0.5324748494383418
XGB+RF,all,0,1380,0.7369565217391304,0.7351246026064708,0.2930707351798157,0.7627788113392365
XGB+RF,all,1,1380,0.7376811594202899,0.7342953490950307,0.2998430046870765,0.7528794749980249
XGB+RF,all,2,1380,0.7275362318840579,0.7253689073712234,0.3023086827683532,0.7535904030372311
XGB+RF,all,3,1380,0.7239130434782609,0.7224799811525517,0.30303530264723566,0.7581459044681949
XGB+RF,all,4,1380,0.7050724637681159,0.7018084474563037,0.3345770410156224,0.7101697077763097
XGB+RF,all,8,1380,0.6855072463768116,0.6756476101373268,0.3677027299989697,0.63271840955203
XGB+RF,all,12,1380,0.6731884057971015,0.654931642038898,0.384928873093565,0.5906104439371995
XGB+RF,pastoral,0,300,0.6766666666666666,0.6710765338393422,0.35145588586027526,0.5407406888209649
XGB+RF,pastoral,1,300,0.6666666666666666,0.6590019191334981,0.3776140081586738,0.4993990058345311
XGB+RF,pastoral,2,300,0.6466666666666666,0.6264260710761785,0.40907367435733144,0.441168434596638
XGB+RF,pastoral,3,300,0.65,0.6384778330436394,0.38553495631413415,0.503913221510513
XGB+RF,pastoral,4,300,0.5866666666666667,0.5392515138923516,0.4375590963557359,0.3614123412142006
XGB+RF,pastoral,8,300,0.6033333333333334,0.5541711466827747,0.41827694390652187,0.390476353896396
XGB+RF,pastoral,12,300,0.5766666666666667,0.5223082089250314,0.48913830137125774,0.12647361575448557
XGB+RF,agropastoral,0,75,0.64,0.6420981193394986,0.3755243646148764,0.3826947107690597
XGB+RF,agropastoral,1,75,0.64,0.6420981193394986,0.3970566071265032,0.35975657466588074
XGB+RF,agropastoral,2,75,0.6266666666666667,0.6285831285831286,0.3595106439414829,0.41189349710975487
XGB+RF,agropastoral,3,75,0.68,0.6766868686868688,0.36496326068997514,0.4533916671778684
XGB+RF,agropastoral,4,75,0.64,0.6184755077658304,0.39688617585090613,0.36725561980544896
XGB+RF,agropastoral,8,75,0.7066666666666667,0.6088034188034188,0.33780841220862173,0.4575899035478559
XGB+RF,agropastoral,12,75,0.7333333333333333,0.6655088702147526,0.3916684562679159,0.3187661846938673
XGB+RF,crop_farming,0,1005,0.7621890547263681,0.7535064418728294,0.26948907606362926,0.7144380139027753
XGB+RF,crop_farming,1,1005,0.7661691542288557,0.7591377006646959,0.26937303331947826,0.7070616251497799
XGB+RF,crop_farming,2,1005,0.7592039800995025,0.7557491424871147,0.266169732952753,0.7181259774552853
XGB+RF,crop_farming,3,1005,0.7492537313432835,0.7461689093506453,0.27378705095243466,0.7108642141322479
XGB+RF,crop_farming,4,1005,0.745273631840796,0.7388778524111803,0.29918619353832854,0.6617566801544732
XGB+RF,crop_farming,8,1005,0.708457711442786,0.698167602870657,0.35483686896614425,0.5171741014040457
XGB+RF,crop_farming,12,1005,0.6975124378109453,0.674584945045093,0.3533186271021379,0.5062962752721472
XGB+RF+LSTM,all,0,1380,0.7304347826086957,0.7365753309029756,0.314220067594426,0.7404090196261393
XGB+RF+LSTM,all,1,1380,0.7333333333333333,0.7366347733015238,0.30225147072176206,0.7481254305923712
XGB+RF+LSTM,all,2,1380,0.7123188405797102,0.7193869883918373,0.31542493284572065,0.7325414736046703
XGB+RF+LSTM,all,3,1380,0.7166666666666667,0.7229882989047772,0.3166871862354988,0.7387838284576077
XGB+RF+LSTM,all,4,1380,0.6804347826086956,0.6903499090850385,0.3600595699744463,0.6840618964483434
XGB+RF+LSTM,all,8,1380,0.677536231884058,0.680292289151588,0.3759581367554407,0.6171775352155396
XGB+RF+LSTM,all,12,1380,0.6615942028985508,0.6525656766760948,0.3860158316662298,0.6002357125769818
XGB+RF+LSTM,pastoral,0,300,0.68,0.6719223666341501,0.3444609190116341,0.5120490625299485
XGB+RF+LSTM,pastoral,1,300,0.6666666666666666,0.6638444874274662,0.3400795472186185,0.5381509148898534
XGB+RF+LSTM,pastoral,2,300,0.6633333333333333,0.6564513229814194,0.35680641350216946,0.5215404261276371
XGB+RF+LSTM,pastoral,3,300,0.6533333333333333,0.6502607742131378,0.3449504170509674,0.5342874960008388
XGB+RF+LSTM,pastoral,4,300,0.58,0.5691630988786952,0.4232271297165121,0.38018926762009786
XGB+RF+LSTM,pastoral,8,300,0.5966666666666667,0.5842772205759441,0.41706164694123904,0.38294066790701753
XGB+RF+LSTM,pastoral,12,300,0.5666666666666667,0.5097480046632589,0.46432880935131093,0.26242137520840303
XGB+RF+LSTM,agropastoral,0,75,0.6266666666666667,0.6331623931623931,0.3959968667284387,0.33869794979963486
XGB+RF+LSTM,agropastoral,1,75,0.6266666666666667,0.6331623931623931,0.3925711637671822,0.35223395088733644
XGB+RF+LSTM,agropastoral,2,75,0.6133333333333333,0.6203278029160382,0.3937490188168623,0.3586686541944657
XGB+RF+LSTM,agropastoral,3,75,0.64,0.6441307189542484,0.3840692205146208,0.40949805875640866
XGB+RF+LSTM,agropastoral,4,75,0.6666666666666666,0.6763550852439741,0.4056715527585692,0.3169476139226426
XGB+RF+LSTM,agropastoral,8,75,0.6933333333333334,0.689383689107827,0.37881163549496627,0.4394381013722931
XGB+RF+LSTM,agropastoral,12,75,0.7333333333333333,0.6811980676328504,0.3841703108339821,0.4211654492097471
XGB+RF+LSTM,crop_farming,0,1005,0.7532338308457711,0.7590572822877961,0.29909020156436295,0.68376639278191
XGB+RF+LSTM,crop_farming,1,1005,0.7611940298507462,0.7638810528924432,0.2842192319879676,0.6910091978047954
XGB+RF+LSTM,crop_farming,2,1005,0.7343283582089553,0.7426931961807383,0.29722717101012835,0.6671977296156337
XGB+RF+LSTM,crop_farming,3,1005,0.7412935323383084,0.749605806424221,0.30322189089661855,0.6729570312009444
XGB+RF+LSTM,crop_farming,4,1005,0.7114427860696517,0.7217309922728711,0.33779970267949216,0.614900642311591
XGB+RF+LSTM,crop_farming,8,1005,0.700497512437811,0.7015933738089527,0.3634754845552378,0.4926740353734883
XGB+RF+LSTM,crop_farming,12,1005,0.6845771144278607,0.6721425827099228,0.36277654883726884,0.4895543766783932
XGB+RF+TabICL,all,0,1380,0.7246376811594203,0.7278309045949282,0.28641834796769533,0.7670384083793882
XGB+RF+TabICL,all,1,1380,0.7181159420289855,0.7179935403287364,0.2902246386232057,0.7568897895563457
XGB+RF+TabICL,all,2,1380,0.7253623188405797,0.722263044124296,0.2964980835564988,0.7532061891038628
XGB+RF+TabICL,all,3,1380,0.7217391304347827,0.7127580566254855,0.29476296473298363,0.760359539857844
XGB+RF+TabICL,all,4,1380,0.7007246376811594,0.6936570512314528,0.32228972848841614,0.7170978425923178
XGB+RF+TabICL,all,8,1380,0.6847826086956522,0.673460442740428,0.35419293404285546,0.6472607739806823
XGB+RF+TabICL,all,12,1380,0.6978260869565217,0.6805979370230815,0.35908716075371194,0.617995217094335
XGB+RF+TabICL,pastoral,0,300,0.64,0.6225079601523903,0.3491334219207857,0.5208198991751742
XGB+RF+TabICL,pastoral,1,300,0.6433333333333333,0.6212303470983673,0.3563382849094266,0.5111621889559104
XGB+RF+TabICL,pastoral,2,300,0.64,0.6098377855444507,0.383439729581291,0.4687787720319181
XGB+RF+TabICL,pastoral,3,300,0.6,0.5459886516856775,0.3779898826352072,0.48856993933259274
XGB+RF+TabICL,pastoral,4,300,0.5766666666666667,0.521156208687441,0.42613489413489164,0.37511435188306674
XGB+RF+TabICL,pastoral,8,300,0.58,0.5208029418126757,0.4254693927429505,0.35688724762365376
XGB+RF+TabICL,pastoral,12,300,0.6233333333333333,0.5617543859649123,0.44893424330774534,0.21468554378795923
XGB+RF+TabICL,agropastoral,0,75,0.6666666666666666,0.6748761847406834,0.3625275384672244,0.4188577564442172
XGB+RF+TabICL,agropastoral,1,75,0.6533333333333333,0.6631990231990232,0.3955797650923668,0.3353472904536696
XGB+RF+TabICL,agropastoral,2,75,0.6533333333333333,0.6603809523809524,0.3542807182700804,0.40519148260609783
XGB+RF+TabICL,agropastoral,3,75,0.72,0.7042916223561385,0.3276132007294901,0.5110788471592771
XGB+RF+TabICL,agropastoral,4,75,0.72,0.7107697666318356,0.34999716657242647,0.47669045103823127
XGB+RF+TabICL,agropastoral,8,75,0.7466666666666667,0.6981333333333334,0.32312808179654184,0.5382748039731517
XGB+RF+TabICL,agropastoral,12,75,0.72,0.6956707341629415,0.3770035529160175,0.39873987797777954
XGB+RF+TabICL,crop_farming,0,1005,0.7542288557213931,0.7571379327492364,0.26201764003397215,0.724328247787714
XGB+RF+TabICL,crop_farming,1,1005,0.745273631840796,0.7477609517630275,0.2626268989505158,0.7126744240393834
XGB+RF+TabICL,crop_farming,2,1005,0.7562189054726368,0.7562280617153423,0.2662332164809205,0.7119563140674804
XGB+RF+TabICL,crop_farming,3,1005,0.7582089552238805,0.7567696228434334,0.2674675984937746,0.715238482952617
XGB+RF+TabICL,crop_farming,4,1005,0.736318407960199,0.7318093621653995,0.28922345231901975,0.6657656178292787
XGB+RF+TabICL,crop_farming,8,1005,0.7114427860696517,0.7056516889104132,0.33523465176270123,0.5456862672910915
XGB+RF+TabICL,crop_farming,12,1005,0.718407960199005,0.6972532569937198,0.3309300919195,0.5314397573152289
XGB+LSTM+TabICL,all,0,1380,0.7043478260869566,0.7160594036886117,0.32573857255094074,0.7205065602244587
XGB+LSTM+TabICL,all,1,1380,0.7130434782608696,0.7227204936514515,0.3070921691840176,0.7349994980955954
XGB+LSTM+TabICL,all,2,1380,0.7050724637681159,0.7147315472423219,0.3214107170270577,0.714599622217706
XGB+LSTM+TabICL,all,3,1380,0.7188405797101449,0.7265630360001251,0.3198506974891314,0.7364440650675743
XGB+LSTM+TabICL,all,4,1380,0.686231884057971,0.6955353332715658,0.3519772542736195,0.6863117301623575
XGB+LSTM+TabICL,all,8,1380,0.6681159420289855,0.6703185303736753,0.3765182115351524,0.6185027200831872
XGB+LSTM+TabICL,all,12,1380,0.6804347826086956,0.6678715478289198,0.3721602988150233,0.6256867978612783
XGB+LSTM+TabICL,pastoral,0,300,0.62,0.6049898339966031,0.36902609702242456,0.45499169358862834
XGB+LSTM+TabICL,pastoral,1,300,0.6466666666666666,0.6370393183881556,0.3461612406060981,0.512954584311605
XGB+LSTM+TabICL,pastoral,2,300,0.63,0.6177724606212979,0.3579248258321575,0.49057872112797674
XGB+LSTM+TabICL,pastoral,3,300,0.6333333333333333,0.62340368109257,0.3566101884533153,0.5109836204954141
XGB+LSTM+TabICL,pastoral,4,300,0.5666666666666667,0.5502523942537909,0.42659685872236025,0.37316604349065774
XGB+LSTM+TabICL,pastoral,8,300,0.57,0.5518534187683124,0.4297335164336562,0.3610243842407328
XGB+LSTM+TabICL,pastoral,12,300,0.5866666666666667,0.5331334547436242,0.4432609482161894,0.31249507771752605
XGB+LSTM+TabICL,agropastoral,0,75,0.6933333333333334,0.7042020202020202,0.3986068503679583,0.3048264456901425
XGB+LSTM+TabICL,agropastoral,1,75,0.64,0.6515046710395548,0.40484840623494234,0.29271382575888893
XGB+LSTM+TabICL,agropastoral,2,75,0.68,0.6908424908424908,0.3952477867228217,0.30816458324137364
XGB+LSTM+TabICL,agropastoral,3,75,0.68,0.6863809523809524,0.36538504602327604,0.45285406889982627
XGB+LSTM+TabICL,agropastoral,4,75,0.6666666666666666,0.6747301587301586,0.3910514941274962,0.3561608170511439
XGB+LSTM+TabICL,agropastoral,8,75,0.7333333333333333,0.7355555555555555,0.374135531180821,0.45538461103174765
XGB+LSTM+TabICL,agropastoral,12,75,0.6933333333333334,0.6910365787474221,0.3963105194323821,0.44039465826468704
XGB+LSTM+TabICL,crop_farming,0,1005,0.7303482587064677,0.7450823767442034,0.30737899227460097,0.6628741468681156
XGB+LSTM+TabICL,crop_farming,1,1005,0.7383084577114428,0.7516815382018988,0.28813451823332764,0.6763479483037236
XGB+LSTM+TabICL,crop_farming,2,1005,0.7293532338308458,0.7422544042878714,0.3050007539736127,0.6449829085953772
XGB+LSTM+TabICL,crop_farming,3,1005,0.7472636815920398,0.7562875880325276,0.30547962940025986,0.6717858883407872
XGB+LSTM+TabICL,crop_farming,4,1005,0.7233830845771144,0.7340157345442941,0.3267867574341538,0.6184478377385232
XGB+LSTM+TabICL,crop_farming,8,1005,0.6925373134328359,0.6953554810974406,0.3608108578605491,0.49884314025621734
XGB+LSTM+TabICL,crop_farming,12,1005,0.7074626865671642,0.6945830258243348,0.34913396909696204,0.522218876316596
