zone_code,lead,target_month,lstm_pred
ET0101,0,2026-06,2.3845298290252686
ET0102,0,2026-06,2.836613893508911
ET0103,0,2026-06,2.7891736030578613
ET0104,0,2026-06,2.8995890617370605
ET0105,0,2026-06,1.1578071117401123
ET0106,0,2026-06,2.464853525161743
ET0107,0,2026-06,2.08219575881958
ET0201,0,2026-06,2.5997838973999023
ET0202,0,2026-06,2.841904878616333
ET0203,0,2026-06,2.774110794067383
ET0204,0,2026-06,3.477949380874634
ET0205,0,2026-06,2.4640321731567383
ET0301,0,2026-06,2.804588794708252
ET0302,0,2026-06,1.7478597164154053
ET0303,0,2026-06,2.4430203437805176
ET0304,0,2026-06,2.4218602180480957
ET0305,0,2026-06,1.6229580640792847
ET0306,0,2026-06,1.493004322052002
ET0307,0,2026-06,1.1536073684692383
ET0308,0,2026-06,2.918611526489258
ET0309,0,2026-06,1.1533836126327515
ET0310,0,2026-06,1.8880162239074707
ET0311,0,2026-06,1.3183398246765137
ET0312,0,2026-06,1.1533578634262085
ET0401,0,2026-06,1.3511018753051758
ET0402,0,2026-06,1.3244754076004028
ET0403,0,2026-06,1.153394103050232
ET0404,0,2026-06,1.153462529182434
ET0405,0,2026-06,1.1534470319747925
ET0406,0,2026-06,1.3586244583129883
ET0407,0,2026-06,1.608758807182312
ET0408,0,2026-06,1.4897788763046265
ET0409,0,2026-06,3.122314453125
ET0410,0,2026-06,2.7329628467559814
ET0411,0,2026-06,2.0150716304779053
ET0412,0,2026-06,3.016925811767578
ET0413,0,2026-06,1.1622003316879272
ET0414,0,2026-06,1.7577863931655884
ET0415,0,2026-06,1.595873236656189
ET0416,0,2026-06,1.153402328491211
ET0417,0,2026-06,1.5344440937042236
ET0418,0,2026-06,1.1548221111297607
ET0419,0,2026-06,1.4161642789840698
ET0420,0,2026-06,1.1533491611480713
ET0421,0,2026-06,2.273620843887329
ET0501,0,2026-06,2.21817946434021
ET0502,0,2026-06,2.221891403198242
ET0503,0,2026-06,2.950352668762207
ET0504,0,2026-06,3.155933380126953
ET0505,0,2026-06,3.109273910522461
ET0506,0,2026-06,3.043530225753784
ET0507,0,2026-06,3.153472900390625
ET0508,0,2026-06,3.153071641921997
ET0509,0,2026-06,3.1228270530700684
ET0510,0,2026-06,3.152841329574585
ET0511,0,2026-06,2.396320343017578
ET0602,0,2026-06,1.1552658081054688
ET0603,0,2026-06,1.4490704536437988
ET0604,0,2026-06,1.1886239051818848
ET0605,0,2026-06,1.2214717864990234
ET0701,0,2026-06,1.769637942314148
ET0702,0,2026-06,1.7688307762145996
ET0703,0,2026-06,2.3452975749969482
ET0705,0,2026-06,2.548133373260498
ET0706,0,2026-06,2.934238910675049
ET0707,0,2026-06,2.179028034210205
ET0710,0,2026-06,3.170161247253418
ET0712,0,2026-06,3.1391639709472656
ET0713,0,2026-06,3.147634744644165
ET0714,0,2026-06,1.2727527618408203
ET0715,0,2026-06,2.431272029876709
ET0716,0,2026-06,1.1871298551559448
ET0720,0,2026-06,1.987226128578186
ET0721,0,2026-06,3.1417431831359863
ET0722,0,2026-06,3.1456429958343506
ET0723,0,2026-06,3.1539738178253174
ET0724,0,2026-06,1.1536641120910645
ET1101,0,2026-06,1.1533585786819458
ET1102,0,2026-06,1.153874397277832
ET1103,0,2026-06,1.1533615589141846
ET1104,0,2026-06,1.1764363050460815
ET1105,0,2026-06,1.1561572551727295
ET1106,0,2026-06,1.1611570119857788
ET1201,0,2026-06,1.159696102142334
ET1202,0,2026-06,1.4751890897750854
ET1203,0,2026-06,1.1539244651794434
ET1204,0,2026-06,1.1533892154693604
ET1301,0,2026-06,1.3352577686309814
ET1401,0,2026-06,1.1533836126327515
ET1501,0,2026-06,1.5656325817108154
ET1502,0,2026-06,1.9376583099365234
ET1600,0,2026-06,2.412353992462158
ET0101,1,2026-07,2.370314598083496
ET0102,1,2026-07,2.940324544906616
ET0103,1,2026-07,2.666926622390747
ET0104,1,2026-07,2.66166353225708
ET0105,1,2026-07,1.1366838216781616
ET0106,1,2026-07,2.4436089992523193
ET0107,1,2026-07,2.2776122093200684
ET0201,1,2026-07,2.4901204109191895
ET0202,1,2026-07,2.6599133014678955
ET0203,1,2026-07,2.6160991191864014
ET0204,1,2026-07,3.4453959465026855
ET0205,1,2026-07,2.326044797897339
ET0301,1,2026-07,2.6954751014709473
ET0302,1,2026-07,1.6594171524047852
ET0303,1,2026-07,2.3676750659942627
ET0304,1,2026-07,2.2964446544647217
ET0305,1,2026-07,1.5228772163391113
ET0306,1,2026-07,1.3046714067459106
ET0307,1,2026-07,1.1356143951416016
ET0308,1,2026-07,2.801501512527466
ET0309,1,2026-07,1.129233479499817
ET0310,1,2026-07,1.8689370155334473
ET0311,1,2026-07,1.291724443435669
ET0312,1,2026-07,1.1349997520446777
ET0401,1,2026-07,1.3327860832214355
ET0402,1,2026-07,1.3039240837097168
ET0403,1,2026-07,1.1324065923690796
ET0404,1,2026-07,1.1322016716003418
ET0405,1,2026-07,1.1341466903686523
ET0406,1,2026-07,1.2752245664596558
ET0407,1,2026-07,1.5001438856124878
ET0408,1,2026-07,1.4730051755905151
ET0409,1,2026-07,2.952650547027588
ET0410,1,2026-07,2.661412000656128
ET0411,1,2026-07,2.15140962600708
ET0412,1,2026-07,2.8847386837005615
ET0413,1,2026-07,1.135718584060669
ET0414,1,2026-07,1.7402724027633667
ET0415,1,2026-07,1.5785119533538818
ET0416,1,2026-07,1.1329301595687866
ET0417,1,2026-07,1.5425797700881958
ET0418,1,2026-07,1.1381540298461914
ET0419,1,2026-07,1.3987475633621216
ET0420,1,2026-07,1.1253234148025513
ET0421,1,2026-07,2.1371545791625977
ET0501,1,2026-07,2.2017054557800293
ET0502,1,2026-07,2.1636805534362793
ET0503,1,2026-07,2.924346923828125
ET0504,1,2026-07,3.126718521118164
ET0505,1,2026-07,3.089695692062378
ET0506,1,2026-07,3.0740835666656494
ET0507,1,2026-07,3.1353957653045654
ET0508,1,2026-07,3.161648750305176
ET0509,1,2026-07,3.0750269889831543
ET0510,1,2026-07,3.1312057971954346
ET0511,1,2026-07,2.377304792404175
ET0602,1,2026-07,1.175761342048645
ET0603,1,2026-07,1.3275554180145264
ET0604,1,2026-07,1.1714560985565186
ET0605,1,2026-07,1.206040620803833
ET0701,1,2026-07,1.621267557144165
ET0702,1,2026-07,1.7863842248916626
ET0703,1,2026-07,2.3218038082122803
ET0705,1,2026-07,2.486386775970459
ET0706,1,2026-07,2.751105308532715
ET0707,1,2026-07,2.138340950012207
ET0710,1,2026-07,3.2038393020629883
ET0712,1,2026-07,3.104924440383911
ET0713,1,2026-07,3.111121416091919
ET0714,1,2026-07,1.242933988571167
ET0715,1,2026-07,2.391773223876953
ET0716,1,2026-07,1.1649518013000488
ET0720,1,2026-07,1.935722827911377
ET0721,1,2026-07,3.111579656600952
ET0722,1,2026-07,3.1140997409820557
ET0723,1,2026-07,3.1132519245147705
ET0724,1,2026-07,1.1343404054641724
ET1101,1,2026-07,1.1189470291137695
ET1102,1,2026-07,1.1336555480957031
ET1103,1,2026-07,1.1364858150482178
ET1104,1,2026-07,1.1571382284164429
ET1105,1,2026-07,1.1344239711761475
ET1106,1,2026-07,1.1424150466918945
ET1201,1,2026-07,1.1440380811691284
ET1202,1,2026-07,1.3647894859313965
ET1203,1,2026-07,1.1225717067718506
ET1204,1,2026-07,1.1317864656448364
ET1301,1,2026-07,1.4329122304916382
ET1401,1,2026-07,1.1266084909439087
ET1501,1,2026-07,1.5598385334014893
ET1502,1,2026-07,1.9211866855621338
ET1600,1,2026-07,2.1362833976745605
ET0101,2,2026-08,2.406846284866333
ET0102,2,2026-08,3.0729432106018066
ET0103,2,2026-08,2.996638059616089
ET0104,2,2026-08,2.823415517807007
ET0105,2,2026-08,1.1793922185897827
ET0106,2,2026-08,2.486436605453491
ET0107,2,2026-08,2.2746405601501465
ET0201,2,2026-08,2.6549999713897705
ET0202,2,2026-08,2.7564847469329834
ET0203,2,2026-08,2.6817047595977783
ET0204,2,2026-08,3.3499560356140137
ET0205,2,2026-08,2.374756336212158
ET0301,2,2026-08,2.94401478767395
ET0302,2,2026-08,1.7592904567718506
ET0303,2,2026-08,2.295083999633789
ET0304,2,2026-08,2.5350937843322754
ET0305,2,2026-08,1.5509814023971558
ET0306,2,2026-08,1.5903210639953613
ET0307,2,2026-08,1.1718220710754395
ET0308,2,2026-08,3.2156505584716797
ET0309,2,2026-08,1.1697003841400146
ET0310,2,2026-08,1.7940257787704468
ET0311,2,2026-08,1.3354159593582153
ET0312,2,2026-08,1.1751643419265747
ET0401,2,2026-08,1.367334246635437
ET0402,2,2026-08,1.3391081094741821
ET0403,2,2026-08,1.1680258512496948
ET0404,2,2026-08,1.1646021604537964
ET0405,2,2026-08,1.167807936668396
ET0406,2,2026-08,1.3456261157989502
ET0407,2,2026-08,1.583200454711914
ET0408,2,2026-08,1.5101062059402466
ET0409,2,2026-08,3.0478017330169678
ET0410,2,2026-08,2.7144486904144287
ET0411,2,2026-08,2.5318832397460938
ET0412,2,2026-08,3.086224317550659
ET0413,2,2026-08,1.1739444732666016
ET0414,2,2026-08,1.8227226734161377
ET0415,2,2026-08,1.6134591102600098
ET0416,2,2026-08,1.165163516998291
ET0417,2,2026-08,1.566615343093872
ET0418,2,2026-08,1.1705955266952515
ET0419,2,2026-08,1.4341768026351929
ET0420,2,2026-08,1.1660878658294678
ET0421,2,2026-08,2.216433525085449
ET0501,2,2026-08,2.2402937412261963
ET0502,2,2026-08,2.6954140663146973
ET0503,2,2026-08,2.966900587081909
ET0504,2,2026-08,3.1676666736602783
ET0505,2,2026-08,3.040832281112671
ET0506,2,2026-08,3.0028300285339355
ET0507,2,2026-08,3.1715855598449707
ET0508,2,2026-08,3.083956480026245
ET0509,2,2026-08,3.451035261154175
ET0510,2,2026-08,3.169219970703125
ET0511,2,2026-08,2.4126315116882324
ET0602,2,2026-08,1.2397022247314453
ET0603,2,2026-08,1.646461009979248
ET0604,2,2026-08,1.2051591873168945
ET0605,2,2026-08,1.2411384582519531
ET0701,2,2026-08,1.9219326972961426
ET0702,2,2026-08,2.007336139678955
ET0703,2,2026-08,2.3559536933898926
ET0705,2,2026-08,2.468533515930176
ET0706,2,2026-08,2.86006498336792
ET0707,2,2026-08,2.1226072311401367
ET0710,2,2026-08,3.5062503814697266
ET0712,2,2026-08,3.1459898948669434
ET0713,2,2026-08,3.116541862487793
ET0714,2,2026-08,1.2848548889160156
ET0715,2,2026-08,2.553356647491455
ET0716,2,2026-08,1.1999824047088623
ET0720,2,2026-08,2.0581021308898926
ET0721,2,2026-08,3.1559197902679443
ET0722,2,2026-08,3.1540567874908447
ET0723,2,2026-08,3.1616690158843994
ET0724,2,2026-08,1.1658672094345093
ET1101,2,2026-08,1.1632448434829712
ET1102,2,2026-08,1.164849877357483
ET1103,2,2026-08,1.1675294637680054
ET1104,2,2026-08,1.1873589754104614
ET1105,2,2026-08,1.1673789024353027
ET1106,2,2026-08,1.171265721321106
ET1201,2,2026-08,1.1393266916275024
ET1202,2,2026-08,1.7338333129882812
ET1203,2,2026-08,1.0585027933120728
ET1204,2,2026-08,1.1690549850463867
ET1301,2,2026-08,1.381964087486267
ET1401,2,2026-08,1.1683770418167114
ET1501,2,2026-08,1.5318539142608643
ET1502,2,2026-08,1.960301399230957
ET1600,2,2026-08,2.2591421604156494
ET0101,3,2026-09,2.4868416786193848
ET0102,3,2026-09,3.176297664642334
ET0103,3,2026-09,3.018070936203003
ET0104,3,2026-09,2.976428747177124
ET0105,3,2026-09,1.197230339050293
ET0106,3,2026-09,2.504136800765991
ET0107,3,2026-09,2.485241174697876
ET0201,3,2026-09,2.5453977584838867
ET0202,3,2026-09,2.7058587074279785
ET0203,3,2026-09,2.6307759284973145
ET0204,3,2026-09,3.5683302879333496
ET0205,3,2026-09,2.435544490814209
ET0301,3,2026-09,2.6753652095794678
ET0302,3,2026-09,2.0171587467193604
ET0303,3,2026-09,2.4105520248413086
ET0304,3,2026-09,2.5231430530548096
ET0305,3,2026-09,1.5367376804351807
ET0306,3,2026-09,1.5266542434692383
ET0307,3,2026-09,1.1930274963378906
ET0308,3,2026-09,2.993734359741211
ET0309,3,2026-09,1.192779541015625
ET0310,3,2026-09,1.9107849597930908
ET0311,3,2026-09,1.3577370643615723
ET0312,3,2026-09,1.192779541015625
ET0401,3,2026-09,1.390507698059082
ET0402,3,2026-09,1.3637968301773071
ET0403,3,2026-09,1.192779541015625
ET0404,3,2026-09,1.192779541015625
ET0405,3,2026-09,1.192779541015625
ET0406,3,2026-09,1.3334828615188599
ET0407,3,2026-09,1.627008080482483
ET0408,3,2026-09,1.5292052030563354
ET0409,3,2026-09,2.9260637760162354
ET0410,3,2026-09,2.7684991359710693
ET0411,3,2026-09,2.262160301208496
ET0412,3,2026-09,3.03790020942688
ET0413,3,2026-09,1.2015786170959473
ET0414,3,2026-09,1.802076816558838
ET0415,3,2026-09,1.634730339050293
ET0416,3,2026-09,1.192779541015625
ET0417,3,2026-09,1.5911169052124023
ET0418,3,2026-09,1.1942217350006104
ET0419,3,2026-09,1.455376148223877
ET0420,3,2026-09,1.192779541015625
ET0421,3,2026-09,2.1818230152130127
ET0501,3,2026-09,2.257500648498535
ET0502,3,2026-09,2.5096323490142822
ET0503,3,2026-09,2.989625930786133
ET0504,3,2026-09,3.1951069831848145
ET0505,3,2026-09,3.151216745376587
ET0506,3,2026-09,3.13435959815979
ET0507,3,2026-09,3.192779541015625
ET0508,3,2026-09,3.1939198970794678
ET0509,3,2026-09,3.132378101348877
ET0510,3,2026-09,3.1922028064727783
ET0511,3,2026-09,2.435321092605591
ET0602,3,2026-09,1.2668488025665283
ET0603,3,2026-09,1.6131991147994995
ET0604,3,2026-09,1.2280110120773315
ET0605,3,2026-09,1.2609187364578247
ET0701,3,2026-09,1.8944060802459717
ET0702,3,2026-09,1.8710875511169434
ET0703,3,2026-09,2.384472131729126
ET0705,3,2026-09,2.6393373012542725
ET0706,3,2026-09,3.1029062271118164
ET0707,3,2026-09,2.2173683643341064
ET0710,3,2026-09,3.1972126960754395
ET0712,3,2026-09,3.176929473876953
ET0713,3,2026-09,3.186030626296997
ET0714,3,2026-09,1.3119689226150513
ET0715,3,2026-09,2.476469039916992
ET0716,3,2026-09,1.2263586521148682
ET0720,3,2026-09,2.026590585708618
ET0721,3,2026-09,3.181006908416748
ET0722,3,2026-09,3.1832845211029053
ET0723,3,2026-09,3.192779541015625
ET0724,3,2026-09,1.192779541015625
ET1101,3,2026-09,1.192779541015625
ET1102,3,2026-09,1.193230390548706
ET1103,3,2026-09,1.192779541015625
ET1104,3,2026-09,1.2156444787979126
ET1105,3,2026-09,1.1954586505889893
ET1106,3,2026-09,1.2004536390304565
ET1201,3,2026-09,1.1783912181854248
ET1202,3,2026-09,1.4949605464935303
ET1203,3,2026-09,1.1783912181854248
ET1204,3,2026-09,1.192779541015625
ET1301,3,2026-09,1.4159879684448242
ET1401,3,2026-09,1.192779541015625
ET1501,3,2026-09,1.8189382553100586
ET1502,3,2026-09,1.977021336555481
ET1600,3,2026-09,2.49234938621521
ET0101,4,2026-10,2.4404594898223877
ET0102,4,2026-10,2.9572293758392334
ET0103,4,2026-10,2.7850804328918457
ET0104,4,2026-10,2.881159782409668
ET0105,4,2026-10,1.2001688480377197
ET0106,4,2026-10,2.506721019744873
ET0107,4,2026-10,2.5200672149658203
ET0201,4,2026-10,2.7904531955718994
ET0202,4,2026-10,2.888664722442627
ET0203,4,2026-10,2.7677102088928223
ET0204,4,2026-10,3.5630640983581543
ET0205,4,2026-10,2.5423648357391357
ET0301,4,2026-10,2.9558589458465576
ET0302,4,2026-10,1.7757208347320557
ET0303,4,2026-10,2.499857187271118
ET0304,4,2026-10,2.2813925743103027
ET0305,4,2026-10,1.7832746505737305
ET0306,4,2026-10,1.4286425113677979
ET0307,4,2026-10,1.1944208145141602
ET0308,4,2026-10,2.9322078227996826
ET0309,4,2026-10,1.192997932434082
ET0310,4,2026-10,2.007124423980713
ET0311,4,2026-10,1.359133005142212
ET0312,4,2026-10,1.1955440044403076
ET0401,4,2026-10,1.391951560974121
ET0402,4,2026-10,1.365183711051941
ET0403,4,2026-10,1.1942617893218994
ET0404,4,2026-10,1.1939516067504883
ET0405,4,2026-10,1.1926296949386597
ET0406,4,2026-10,1.5846033096313477
ET0407,4,2026-10,1.7791880369186401
ET0408,4,2026-10,1.5320229530334473
ET0409,4,2026-10,3.142119884490967
ET0410,4,2026-10,2.906986951828003
ET0411,4,2026-10,2.1940231323242188
ET0412,4,2026-10,3.0638060569763184
ET0413,4,2026-10,1.1995954513549805
ET0414,4,2026-10,1.989092469215393
ET0415,4,2026-10,1.6362993717193604
ET0416,4,2026-10,1.1944985389709473
ET0417,4,2026-10,1.723097324371338
ET0418,4,2026-10,1.1948593854904175
ET0419,4,2026-10,1.4568824768066406
ET0420,4,2026-10,1.1885980367660522
ET0421,4,2026-10,2.425790786743164
ET0501,4,2026-10,2.261037826538086
ET0502,4,2026-10,2.422518491744995
ET0503,4,2026-10,2.9690749645233154
ET0504,4,2026-10,3.191251754760742
ET0505,4,2026-10,3.1325769424438477
ET0506,4,2026-10,3.1681225299835205
ET0507,4,2026-10,3.181507110595703
ET0508,4,2026-10,3.190565824508667
ET0509,4,2026-10,3.367607593536377
ET0510,4,2026-10,3.1807758808135986
ET0511,4,2026-10,2.4216325283050537
ET0602,4,2026-10,1.2577108144760132
ET0603,4,2026-10,1.620439052581787
ET0604,4,2026-10,1.228761076927185
ET0605,4,2026-10,1.2634015083312988
ET0701,4,2026-10,1.865929365158081
ET0702,4,2026-10,1.7155909538269043
ET0703,4,2026-10,2.3834431171417236
ET0705,4,2026-10,2.5656802654266357
ET0706,4,2026-10,3.0237929821014404
ET0707,4,2026-10,2.2134530544281006
ET0710,4,2026-10,3.1581311225891113
ET0712,4,2026-10,3.1754989624023438
ET0713,4,2026-10,3.1814961433410645
ET0714,4,2026-10,1.311127781867981
ET0715,4,2026-10,2.3212859630584717
ET0716,4,2026-10,1.2240467071533203
ET0720,4,2026-10,1.9402509927749634
ET0721,4,2026-10,3.1829493045806885
ET0722,4,2026-10,3.1840322017669678
ET0723,4,2026-10,3.1869797706604004
ET0724,4,2026-10,1.1915191411972046
ET1101,4,2026-10,1.191361665725708
ET1102,4,2026-10,1.1927154064178467
ET1103,4,2026-10,1.1913188695907593
ET1104,4,2026-10,1.2139400243759155
ET1105,4,2026-10,1.1950515508651733
ET1106,4,2026-10,1.1980351209640503
ET1201,4,2026-10,1.1670299768447876
ET1202,4,2026-10,1.5174996852874756
ET1203,4,2026-10,1.1673200130462646
ET1204,4,2026-10,1.1903398036956787
ET1301,4,2026-10,1.6092350482940674
ET1401,4,2026-10,1.1913707256317139
ET1501,4,2026-10,1.7331809997558594
ET1502,4,2026-10,1.9805707931518555
ET1600,4,2026-10,2.4096620082855225
ET0101,8,2027-02,2.397120952606201
ET0102,8,2027-02,2.773329257965088
ET0103,8,2027-02,2.435209274291992
ET0104,8,2027-02,2.328428268432617
ET0105,8,2027-02,1.335505723953247
ET0106,8,2027-02,2.612311601638794
ET0107,8,2027-02,2.3202357292175293
ET0201,8,2027-02,2.9805312156677246
ET0202,8,2027-02,3.0223374366760254
ET0203,8,2027-02,2.9139256477355957
ET0204,8,2027-02,3.6225082874298096
ET0205,8,2027-02,2.617542028427124
ET0301,8,2027-02,3.014141798019409
ET0302,8,2027-02,1.9690024852752686
ET0303,8,2027-02,2.237595319747925
ET0304,8,2027-02,2.1265149116516113
ET0305,8,2027-02,1.8331537246704102
ET0306,8,2027-02,0.9102878570556641
ET0307,8,2027-02,1.3645927906036377
ET0308,8,2027-02,2.981367826461792
ET0309,8,2027-02,1.459428310394287
ET0310,8,2027-02,1.7581437826156616
ET0311,8,2027-02,1.7154347896575928
ET0312,8,2027-02,1.333852767944336
ET0401,8,2027-02,1.388841152191162
ET0402,8,2027-02,1.3932678699493408
ET0403,8,2027-02,1.1373263597488403
ET0404,8,2027-02,1.4191974401474
ET0405,8,2027-02,1.5707693099975586
ET0406,8,2027-02,1.598526954650879
ET0407,8,2027-02,1.8238998651504517
ET0408,8,2027-02,1.5511342287063599
ET0409,8,2027-02,3.2080044746398926
ET0410,8,2027-02,2.9209368228912354
ET0411,8,2027-02,2.2442524433135986
ET0412,8,2027-02,2.7362446784973145
ET0413,8,2027-02,1.5481481552124023
ET0414,8,2027-02,2.074561834335327
ET0415,8,2027-02,1.6765646934509277
ET0416,8,2027-02,1.1683924198150635
ET0417,8,2027-02,1.879895567893982
ET0418,8,2027-02,1.2249187231063843
ET0419,8,2027-02,1.5016701221466064
ET0420,8,2027-02,1.5902963876724243
ET0421,8,2027-02,2.451789617538452
ET0501,8,2027-02,2.354220390319824
ET0502,8,2027-02,2.229994773864746
ET0503,8,2027-02,3.3427159786224365
ET0504,8,2027-02,3.549849033355713
ET0505,8,2027-02,3.078185796737671
ET0506,8,2027-02,3.2997562885284424
ET0507,8,2027-02,3.4721102714538574
ET0508,8,2027-02,3.3217272758483887
ET0509,8,2027-02,3.2836923599243164
ET0510,8,2027-02,3.577427387237549
ET0511,8,2027-02,2.879192352294922
ET0602,8,2027-02,1.1005829572677612
ET0603,8,2027-02,1.4713674783706665
ET0604,8,2027-02,1.2561302185058594
ET0605,8,2027-02,1.1995187997817993
ET0701,8,2027-02,1.7751827239990234
ET0702,8,2027-02,1.8632524013519287
ET0703,8,2027-02,2.74314546585083
ET0705,8,2027-02,2.4155240058898926
ET0706,8,2027-02,2.4037044048309326
ET0707,8,2027-02,2.5606536865234375
ET0710,8,2027-02,3.2320175170898438
ET0712,8,2027-02,3.559356451034546
ET0713,8,2027-02,3.6691341400146484
ET0714,8,2027-02,1.6648852825164795
ET0715,8,2027-02,2.4703969955444336
ET0716,8,2027-02,1.5844032764434814
ET0720,8,2027-02,2.025218963623047
ET0721,8,2027-02,3.0412375926971436
ET0722,8,2027-02,3.445587396621704
ET0723,8,2027-02,3.3996291160583496
ET0724,8,2027-02,1.562995195388794
ET1101,8,2027-02,1.4974685907363892
ET1102,8,2027-02,1.490559458732605
ET1103,8,2027-02,1.177522897720337
ET1104,8,2027-02,1.5674158334732056
ET1105,8,2027-02,1.376423954963684
ET1106,8,2027-02,1.5268445014953613
ET1201,8,2027-02,1.2616735696792603
ET1202,8,2027-02,1.6200637817382812
ET1203,8,2027-02,0.8782961964607239
ET1204,8,2027-02,1.236440658569336
ET1301,8,2027-02,1.7292615175247192
ET1401,8,2027-02,1.4704253673553467
ET1501,8,2027-02,1.57206130027771
ET1502,8,2027-02,1.9716668128967285
ET1600,8,2027-02,1.7992274761199951
ET0101,12,2027-06,2.530876398086548
ET0102,12,2027-06,2.710282325744629
ET0103,12,2027-06,3.019826650619507
ET0104,12,2027-06,2.8244364261627197
ET0105,12,2027-06,0.9718723297119141
ET0106,12,2027-06,2.2662734985351562
ET0107,12,2027-06,2.6424920558929443
ET0201,12,2027-06,2.6638691425323486
ET0202,12,2027-06,2.938673257827759
ET0203,12,2027-06,2.900550127029419
ET0204,12,2027-06,3.588956356048584
ET0205,12,2027-06,2.5662612915039062
ET0301,12,2027-06,2.7464182376861572
ET0302,12,2027-06,1.7460274696350098
ET0303,12,2027-06,2.313558578491211
ET0304,12,2027-06,2.3839643001556396
ET0305,12,2027-06,1.8516316413879395
ET0306,12,2027-06,1.1973159313201904
ET0307,12,2027-06,0.7139892578125
ET0308,12,2027-06,2.7855851650238037
ET0309,12,2027-06,0.698793888092041
ET0310,12,2027-06,1.7977666854858398
ET0311,12,2027-06,0.8267461657524109
ET0312,12,2027-06,1.009588360786438
ET0401,12,2027-06,1.3317551612854004
ET0402,12,2027-06,1.0557992458343506
ET0403,12,2027-06,1.2366398572921753
ET0404,12,2027-06,1.0696529150009155
ET0405,12,2027-06,0.7353734970092773
ET0406,12,2027-06,1.4501570463180542
ET0407,12,2027-06,1.6606851816177368
ET0408,12,2027-06,1.4015036821365356
ET0409,12,2027-06,3.2332918643951416
ET0410,12,2027-06,2.803778648376465
ET0411,12,2027-06,2.262126922607422
ET0412,12,2027-06,3.0592291355133057
ET0413,12,2027-06,0.7275292277336121
ET0414,12,2027-06,2.004063844680786
ET0415,12,2027-06,1.5717029571533203
ET0416,12,2027-06,1.1877861022949219
ET0417,12,2027-06,1.946742296218872
ET0418,12,2027-06,1.0867325067520142
ET0419,12,2027-06,1.0889544486999512
ET0420,12,2027-06,0.6568927764892578
ET0421,12,2027-06,2.2801437377929688
ET0501,12,2027-06,2.1381852626800537
ET0502,12,2027-06,2.0918593406677246
ET0503,12,2027-06,2.5325944423675537
ET0504,12,2027-06,2.7677690982818604
ET0505,12,2027-06,3.7486162185668945
ET0506,12,2027-06,3.4944076538085938
ET0507,12,2027-06,2.7801361083984375
ET0508,12,2027-06,3.240785598754883
ET0509,12,2027-06,2.949599266052246
ET0510,12,2027-06,2.801027297973633
ET0511,12,2027-06,2.0685501098632812
ET0602,12,2027-06,0.7188708782196045
ET0603,12,2027-06,1.1908495426177979
ET0604,12,2027-06,0.9769786596298218
ET0605,12,2027-06,1.2912667989730835
ET0701,12,2027-06,1.6424531936645508
ET0702,12,2027-06,1.9679186344146729
ET0703,12,2027-06,1.9814609289169312
ET0705,12,2027-06,2.5097594261169434
ET0706,12,2027-06,2.7812228202819824
ET0707,12,2027-06,2.7502737045288086
ET0710,12,2027-06,3.403139114379883
ET0712,12,2027-06,2.855193853378296
ET0713,12,2027-06,3.4017863273620605
ET0714,12,2027-06,0.7942830324172974
ET0715,12,2027-06,2.658540725708008
ET0716,12,2027-06,1.0093673467636108
ET0720,12,2027-06,2.129488229751587
ET0721,12,2027-06,3.02493953704834
ET0722,12,2027-06,2.826735734939575
ET0723,12,2027-06,2.725372791290283
ET0724,12,2027-06,0.7788562774658203
ET1101,12,2027-06,0.8201602697372437
ET1102,12,2027-06,1.0783096551895142
ET1103,12,2027-06,1.0888934135437012
ET1104,12,2027-06,1.0395420789718628
ET1105,12,2027-06,1.0549265146255493
ET1106,12,2027-06,1.0674903392791748
ET1201,12,2027-06,1.12217116355896
ET1202,12,2027-06,1.3852975368499756
ET1203,12,2027-06,0.8558322191238403
ET1204,12,2027-06,1.0288118124008179
ET1301,12,2027-06,1.8197598457336426
ET1401,12,2027-06,0.6344372034072876
ET1501,12,2027-06,1.7838830947875977
ET1502,12,2027-06,1.8277134895324707
ET1600,12,2027-06,2.2110774517059326
