zone_code,lead,target_month,tabicl_pred
ET0101,0,2026-06,2
ET0102,0,2026-06,3
ET0103,0,2026-06,2
ET0104,0,2026-06,3
ET0105,0,2026-06,1
ET0106,0,2026-06,3
ET0107,0,2026-06,2
ET0201,0,2026-06,2
ET0202,0,2026-06,3
ET0203,0,2026-06,3
ET0204,0,2026-06,3
ET0205,0,2026-06,2
ET0301,0,2026-06,3
ET0302,0,2026-06,2
ET0303,0,2026-06,3
ET0304,0,2026-06,2
ET0305,0,2026-06,2
ET0306,0,2026-06,1
ET0307,0,2026-06,1
ET0308,0,2026-06,3
ET0309,0,2026-06,1
ET0310,0,2026-06,2
ET0311,0,2026-06,1
ET0312,0,2026-06,1
ET0401,0,2026-06,1
ET0402,0,2026-06,1
ET0403,0,2026-06,1
ET0404,0,2026-06,1
ET0405,0,2026-06,1
ET0406,0,2026-06,1
ET0407,0,2026-06,1
ET0408,0,2026-06,1
ET0409,0,2026-06,3
ET0410,0,2026-06,2
ET0411,0,2026-06,3
ET0412,0,2026-06,3
ET0413,0,2026-06,1
ET0414,0,2026-06,3
ET0415,0,2026-06,2
ET0416,0,2026-06,1
ET0417,0,2026-06,1
ET0418,0,2026-06,1
ET0419,0,2026-06,1
ET0420,0,2026-06,1
ET0421,0,2026-06,3
ET0501,0,2026-06,2
ET0502,0,2026-06,2
ET0503,0,2026-06,3
ET0504,0,2026-06,3
ET0505,0,2026-06,3
ET0506,0,2026-06,3
ET0507,0,2026-06,3
ET0508,0,2026-06,3
ET0509,0,2026-06,3
ET0510,0,2026-06,3
ET0511,0,2026-06,3
ET0602,0,2026-06,1
ET0603,0,2026-06,1
ET0604,0,2026-06,1
ET0605,0,2026-06,1
ET0701,0,2026-06,1
ET0702,0,2026-06,1
ET0703,0,2026-06,2
ET0705,0,2026-06,2
ET0706,0,2026-06,3
ET0707,0,2026-06,2
ET0710,0,2026-06,3
ET0712,0,2026-06,3
ET0713,0,2026-06,3
ET0714,0,2026-06,1
ET0715,0,2026-06,2
ET0716,0,2026-06,1
ET0720,0,2026-06,1
ET0721,0,2026-06,3
ET0722,0,2026-06,3
ET0723,0,2026-06,3
ET0724,0,2026-06,1
ET1101,0,2026-06,1
ET1102,0,2026-06,1
ET1103,0,2026-06,1
ET1104,0,2026-06,1
ET1105,0,2026-06,1
ET1106,0,2026-06,1
ET1201,0,2026-06,1
ET1202,0,2026-06,1
ET1203,0,2026-06,1
ET1204,0,2026-06,1
ET1301,0,2026-06,1
ET1401,0,2026-06,1
ET1501,0,2026-06,1
ET1502,0,2026-06,2
ET1600,0,2026-06,2
ET0101,1,2026-07,3
ET0102,1,2026-07,3
ET0103,1,2026-07,2
ET0104,1,2026-07,2
ET0105,1,2026-07,2
ET0106,1,2026-07,2
ET0107,1,2026-07,2
ET0201,1,2026-07,2
ET0202,1,2026-07,3
ET0203,1,2026-07,3
ET0204,1,2026-07,3
ET0205,1,2026-07,2
ET0301,1,2026-07,3
ET0302,1,2026-07,2
ET0303,1,2026-07,2
ET0304,1,2026-07,2
ET0305,1,2026-07,2
ET0306,1,2026-07,1
ET0307,1,2026-07,1
ET0308,1,2026-07,3
ET0309,1,2026-07,1
ET0310,1,2026-07,2
ET0311,1,2026-07,1
ET0312,1,2026-07,1
ET0401,1,2026-07,1
ET0402,1,2026-07,1
ET0403,1,2026-07,1
ET0404,1,2026-07,1
ET0405,1,2026-07,1
ET0406,1,2026-07,1
ET0407,1,2026-07,2
ET0408,1,2026-07,1
ET0409,1,2026-07,3
ET0410,1,2026-07,3
ET0411,1,2026-07,2
ET0412,1,2026-07,3
ET0413,1,2026-07,1
ET0414,1,2026-07,2
ET0415,1,2026-07,2
ET0416,1,2026-07,1
ET0417,1,2026-07,1
ET0418,1,2026-07,1
ET0419,1,2026-07,1
ET0420,1,2026-07,1
ET0421,1,2026-07,3
ET0501,1,2026-07,2
ET0502,1,2026-07,2
ET0503,1,2026-07,3
ET0504,1,2026-07,3
ET0505,1,2026-07,3
ET0506,1,2026-07,3
ET0507,1,2026-07,3
ET0508,1,2026-07,3
ET0509,1,2026-07,3
ET0510,1,2026-07,3
ET0511,1,2026-07,3
ET0602,1,2026-07,1
ET0603,1,2026-07,1
ET0604,1,2026-07,1
ET0605,1,2026-07,1
ET0701,1,2026-07,1
ET0702,1,2026-07,1
ET0703,1,2026-07,1
ET0705,1,2026-07,1
ET0706,1,2026-07,3
ET0707,1,2026-07,2
ET0710,1,2026-07,3
ET0712,1,2026-07,3
ET0713,1,2026-07,3
ET0714,1,2026-07,1
ET0715,1,2026-07,1
ET0716,1,2026-07,1
ET0720,1,2026-07,1
ET0721,1,2026-07,3
ET0722,1,2026-07,3
ET0723,1,2026-07,3
ET0724,1,2026-07,1
ET1101,1,2026-07,1
ET1102,1,2026-07,1
ET1103,1,2026-07,1
ET1104,1,2026-07,1
ET1105,1,2026-07,1
ET1106,1,2026-07,1
ET1201,1,2026-07,1
ET1202,1,2026-07,1
ET1203,1,2026-07,1
ET1204,1,2026-07,1
ET1301,1,2026-07,1
ET1401,1,2026-07,1
ET1501,1,2026-07,2
ET1502,1,2026-07,2
ET1600,1,2026-07,1
ET0101,2,2026-08,2
ET0102,2,2026-08,3
ET0103,2,2026-08,2
ET0104,2,2026-08,3
ET0105,2,2026-08,1
ET0106,2,2026-08,2
ET0107,2,2026-08,2
ET0201,2,2026-08,2
ET0202,2,2026-08,3
ET0203,2,2026-08,3
ET0204,2,2026-08,3
ET0205,2,2026-08,2
ET0301,2,2026-08,3
ET0302,2,2026-08,2
ET0303,2,2026-08,2
ET0304,2,2026-08,2
ET0305,2,2026-08,2
ET0306,2,2026-08,1
ET0307,2,2026-08,1
ET0308,2,2026-08,3
ET0309,2,2026-08,1
ET0310,2,2026-08,2
ET0311,2,2026-08,1
ET0312,2,2026-08,1
ET0401,2,2026-08,1
ET0402,2,2026-08,1
ET0403,2,2026-08,1
ET0404,2,2026-08,1
ET0405,2,2026-08,1
ET0406,2,2026-08,1
ET0407,2,2026-08,2
ET0408,2,2026-08,1
ET0409,2,2026-08,3
ET0410,2,2026-08,3
ET0411,2,2026-08,3
ET0412,2,2026-08,3
ET0413,2,2026-08,1
ET0414,2,2026-08,2
ET0415,2,2026-08,2
ET0416,2,2026-08,1
ET0417,2,2026-08,1
ET0418,2,2026-08,1
ET0419,2,2026-08,1
ET0420,2,2026-08,1
ET0421,2,2026-08,3
ET0501,2,2026-08,2
ET0502,2,2026-08,2
ET0503,2,2026-08,3
ET0504,2,2026-08,3
ET0505,2,2026-08,3
ET0506,2,2026-08,3
ET0507,2,2026-08,3
ET0508,2,2026-08,3
ET0509,2,2026-08,3
ET0510,2,2026-08,3
ET0511,2,2026-08,3
ET0602,2,2026-08,1
ET0603,2,2026-08,1
ET0604,2,2026-08,1
ET0605,2,2026-08,1
ET0701,2,2026-08,1
ET0702,2,2026-08,1
ET0703,2,2026-08,2
ET0705,2,2026-08,1
ET0706,2,2026-08,3
ET0707,2,2026-08,1
ET0710,2,2026-08,3
ET0712,2,2026-08,3
ET0713,2,2026-08,3
ET0714,2,2026-08,1
ET0715,2,2026-08,1
ET0716,2,2026-08,1
ET0720,2,2026-08,1
ET0721,2,2026-08,3
ET0722,2,2026-08,3
ET0723,2,2026-08,3
ET0724,2,2026-08,1
ET1101,2,2026-08,1
ET1102,2,2026-08,1
ET1103,2,2026-08,1
ET1104,2,2026-08,1
ET1105,2,2026-08,1
ET1106,2,2026-08,1
ET1201,2,2026-08,1
ET1202,2,2026-08,1
ET1203,2,2026-08,1
ET1204,2,2026-08,1
ET1301,2,2026-08,1
ET1401,2,2026-08,1
ET1501,2,2026-08,1
ET1502,2,2026-08,2
ET1600,2,2026-08,1
ET0101,3,2026-09,3
ET0102,3,2026-09,3
ET0103,3,2026-09,2
ET0104,3,2026-09,2
ET0105,3,2026-09,2
ET0106,3,2026-09,3
ET0107,3,2026-09,2
ET0201,3,2026-09,2
ET0202,3,2026-09,3
ET0203,3,2026-09,3
ET0204,3,2026-09,3
ET0205,3,2026-09,2
ET0301,3,2026-09,3
ET0302,3,2026-09,2
ET0303,3,2026-09,3
ET0304,3,2026-09,2
ET0305,3,2026-09,2
ET0306,3,2026-09,1
ET0307,3,2026-09,1
ET0308,3,2026-09,3
ET0309,3,2026-09,1
ET0310,3,2026-09,2
ET0311,3,2026-09,2
ET0312,3,2026-09,1
ET0401,3,2026-09,1
ET0402,3,2026-09,1
ET0403,3,2026-09,1
ET0404,3,2026-09,1
ET0405,3,2026-09,1
ET0406,3,2026-09,1
ET0407,3,2026-09,2
ET0408,3,2026-09,2
ET0409,3,2026-09,3
ET0410,3,2026-09,3
ET0411,3,2026-09,3
ET0412,3,2026-09,3
ET0413,3,2026-09,1
ET0414,3,2026-09,2
ET0415,3,2026-09,3
ET0416,3,2026-09,1
ET0417,3,2026-09,1
ET0418,3,2026-09,1
ET0419,3,2026-09,1
ET0420,3,2026-09,1
ET0421,3,2026-09,3
ET0501,3,2026-09,2
ET0502,3,2026-09,2
ET0503,3,2026-09,3
ET0504,3,2026-09,3
ET0505,3,2026-09,3
ET0506,3,2026-09,3
ET0507,3,2026-09,3
ET0508,3,2026-09,3
ET0509,3,2026-09,3
ET0510,3,2026-09,3
ET0511,3,2026-09,3
ET0602,3,2026-09,1
ET0603,3,2026-09,1
ET0604,3,2026-09,1
ET0605,3,2026-09,1
ET0701,3,2026-09,2
ET0702,3,2026-09,3
ET0703,3,2026-09,3
ET0705,3,2026-09,3
ET0706,3,2026-09,3
ET0707,3,2026-09,1
ET0710,3,2026-09,3
ET0712,3,2026-09,3
ET0713,3,2026-09,3
ET0714,3,2026-09,3
ET0715,3,2026-09,1
ET0716,3,2026-09,1
ET0720,3,2026-09,3
ET0721,3,2026-09,3
ET0722,3,2026-09,3
ET0723,3,2026-09,3
ET0724,3,2026-09,1
ET1101,3,2026-09,1
ET1102,3,2026-09,1
ET1103,3,2026-09,1
ET1104,3,2026-09,1
ET1105,3,2026-09,1
ET1106,3,2026-09,1
ET1201,3,2026-09,1
ET1202,3,2026-09,1
ET1203,3,2026-09,1
ET1204,3,2026-09,1
ET1301,3,2026-09,1
ET1401,3,2026-09,1
ET1501,3,2026-09,2
ET1502,3,2026-09,2
ET1600,3,2026-09,3
ET0101,4,2026-10,2
ET0102,4,2026-10,2
ET0103,4,2026-10,2
ET0104,4,2026-10,2
ET0105,4,2026-10,1
ET0106,4,2026-10,2
ET0107,4,2026-10,2
ET0201,4,2026-10,2
ET0202,4,2026-10,3
ET0203,4,2026-10,3
ET0204,4,2026-10,3
ET0205,4,2026-10,2
ET0301,4,2026-10,2
ET0302,4,2026-10,2
ET0303,4,2026-10,2
ET0304,4,2026-10,2
ET0305,4,2026-10,1
ET0306,4,2026-10,1
ET0307,4,2026-10,1
ET0308,4,2026-10,2
ET0309,4,2026-10,1
ET0310,4,2026-10,1
ET0311,4,2026-10,1
ET0312,4,2026-10,1
ET0401,4,2026-10,1
ET0402,4,2026-10,1
ET0403,4,2026-10,1
ET0404,4,2026-10,1
ET0405,4,2026-10,1
ET0406,4,2026-10,1
ET0407,4,2026-10,1
ET0408,4,2026-10,1
ET0409,4,2026-10,1
ET0410,4,2026-10,1
ET0411,4,2026-10,2
ET0412,4,2026-10,3
ET0413,4,2026-10,1
ET0414,4,2026-10,2
ET0415,4,2026-10,2
ET0416,4,2026-10,1
ET0417,4,2026-10,1
ET0418,4,2026-10,1
ET0419,4,2026-10,1
ET0420,4,2026-10,1
ET0421,4,2026-10,3
ET0501,4,2026-10,2
ET0502,4,2026-10,2
ET0503,4,2026-10,3
ET0504,4,2026-10,3
ET0505,4,2026-10,3
ET0506,4,2026-10,3
ET0507,4,2026-10,3
ET0508,4,2026-10,3
ET0509,4,2026-10,3
ET0510,4,2026-10,3
ET0511,4,2026-10,3
ET0602,4,2026-10,1
ET0603,4,2026-10,1
ET0604,4,2026-10,1
ET0605,4,2026-10,1
ET0701,4,2026-10,1
ET0702,4,2026-10,1
ET0703,4,2026-10,1
ET0705,4,2026-10,1
ET0706,4,2026-10,1
ET0707,4,2026-10,2
ET0710,4,2026-10,1
ET0712,4,2026-10,1
ET0713,4,2026-10,2
ET0714,4,2026-10,1
ET0715,4,2026-10,1
ET0716,4,2026-10,1
ET0720,4,2026-10,1
ET0721,4,2026-10,1
ET0722,4,2026-10,1
ET0723,4,2026-10,1
ET0724,4,2026-10,1
ET1101,4,2026-10,1
ET1102,4,2026-10,1
ET1103,4,2026-10,1
ET1104,4,2026-10,1
ET1105,4,2026-10,1
ET1106,4,2026-10,1
ET1201,4,2026-10,1
ET1202,4,2026-10,1
ET1203,4,2026-10,1
ET1204,4,2026-10,1
ET1301,4,2026-10,1
ET1401,4,2026-10,1
ET1501,4,2026-10,1
ET1502,4,2026-10,1
ET1600,4,2026-10,1
ET0101,8,2027-02,2
ET0102,8,2027-02,2
ET0103,8,2027-02,2
ET0104,8,2027-02,2
ET0105,8,2027-02,1
ET0106,8,2027-02,2
ET0107,8,2027-02,2
ET0201,8,2027-02,2
ET0202,8,2027-02,3
ET0203,8,2027-02,2
ET0204,8,2027-02,3
ET0205,8,2027-02,2
ET0301,8,2027-02,2
ET0302,8,2027-02,1
ET0303,8,2027-02,2
ET0304,8,2027-02,2
ET0305,8,2027-02,1
ET0306,8,2027-02,1
ET0307,8,2027-02,1
ET0308,8,2027-02,3
ET0309,8,2027-02,1
ET0310,8,2027-02,2
ET0311,8,2027-02,1
ET0312,8,2027-02,1
ET0401,8,2027-02,1
ET0402,8,2027-02,1
ET0403,8,2027-02,1
ET0404,8,2027-02,1
ET0405,8,2027-02,1
ET0406,8,2027-02,1
ET0407,8,2027-02,2
ET0408,8,2027-02,1
ET0409,8,2027-02,2
ET0410,8,2027-02,3
ET0411,8,2027-02,3
ET0412,8,2027-02,3
ET0413,8,2027-02,1
ET0414,8,2027-02,3
ET0415,8,2027-02,3
ET0416,8,2027-02,1
ET0417,8,2027-02,2
ET0418,8,2027-02,1
ET0419,8,2027-02,1
ET0420,8,2027-02,1
ET0421,8,2027-02,3
ET0501,8,2027-02,3
ET0502,8,2027-02,3
ET0503,8,2027-02,3
ET0504,8,2027-02,3
ET0505,8,2027-02,3
ET0506,8,2027-02,3
ET0507,8,2027-02,3
ET0508,8,2027-02,3
ET0509,8,2027-02,3
ET0510,8,2027-02,3
ET0511,8,2027-02,3
ET0602,8,2027-02,1
ET0603,8,2027-02,1
ET0604,8,2027-02,1
ET0605,8,2027-02,1
ET0701,8,2027-02,1
ET0702,8,2027-02,1
ET0703,8,2027-02,2
ET0705,8,2027-02,1
ET0706,8,2027-02,2
ET0707,8,2027-02,2
ET0710,8,2027-02,2
ET0712,8,2027-02,2
ET0713,8,2027-02,2
ET0714,8,2027-02,1
ET0715,8,2027-02,1
ET0716,8,2027-02,1
ET0720,8,2027-02,2
ET0721,8,2027-02,2
ET0722,8,2027-02,2
ET0723,8,2027-02,1
ET0724,8,2027-02,1
ET1101,8,2027-02,1
ET1102,8,2027-02,1
ET1103,8,2027-02,1
ET1104,8,2027-02,1
ET1105,8,2027-02,1
ET1106,8,2027-02,1
ET1201,8,2027-02,1
ET1202,8,2027-02,1
ET1203,8,2027-02,1
ET1204,8,2027-02,1
ET1301,8,2027-02,1
ET1401,8,2027-02,1
ET1501,8,2027-02,2
ET1502,8,2027-02,2
ET1600,8,2027-02,2
ET0101,12,2027-06,2
ET0102,12,2027-06,2
ET0103,12,2027-06,2
ET0104,12,2027-06,2
ET0105,12,2027-06,1
ET0106,12,2027-06,2
ET0107,12,2027-06,2
ET0201,12,2027-06,2
ET0202,12,2027-06,3
ET0203,12,2027-06,2
ET0204,12,2027-06,3
ET0205,12,2027-06,2
ET0301,12,2027-06,2
ET0302,12,2027-06,2
ET0303,12,2027-06,2
ET0304,12,2027-06,2
ET0305,12,2027-06,2
ET0306,12,2027-06,1
ET0307,12,2027-06,1
ET0308,12,2027-06,3
ET0309,12,2027-06,1
ET0310,12,2027-06,2
ET0311,12,2027-06,1
ET0312,12,2027-06,1
ET0401,12,2027-06,1
ET0402,12,2027-06,1
ET0403,12,2027-06,1
ET0404,12,2027-06,1
ET0405,12,2027-06,1
ET0406,12,2027-06,2
ET0407,12,2027-06,2
ET0408,12,2027-06,1
ET0409,12,2027-06,2
ET0410,12,2027-06,1
ET0411,12,2027-06,3
ET0412,12,2027-06,3
ET0413,12,2027-06,1
ET0414,12,2027-06,3
ET0415,12,2027-06,3
ET0416,12,2027-06,1
ET0417,12,2027-06,2
ET0418,12,2027-06,1
ET0419,12,2027-06,1
ET0420,12,2027-06,1
ET0421,12,2027-06,3
ET0501,12,2027-06,3
ET0502,12,2027-06,2
ET0503,12,2027-06,3
ET0504,12,2027-06,3
ET0505,12,2027-06,3
ET0506,12,2027-06,3
ET0507,12,2027-06,3
ET0508,12,2027-06,3
ET0509,12,2027-06,3
ET0510,12,2027-06,3
ET0511,12,2027-06,3
ET0602,12,2027-06,1
ET0603,12,2027-06,1
ET0604,12,2027-06,1
ET0605,12,2027-06,1
ET0701,12,2027-06,1
ET0702,12,2027-06,1
ET0703,12,2027-06,2
ET0705,12,2027-06,1
ET0706,12,2027-06,2
ET0707,12,2027-06,1
ET0710,12,2027-06,2
ET0712,12,2027-06,1
ET0713,12,2027-06,2
ET0714,12,2027-06,1
ET0715,12,2027-06,1
ET0716,12,2027-06,1
ET0720,12,2027-06,2
ET0721,12,2027-06,2
ET0722,12,2027-06,2
ET0723,12,2027-06,1
ET0724,12,2027-06,1
ET1101,12,2027-06,1
ET1102,12,2027-06,1
ET1103,12,2027-06,1
ET1104,12,2027-06,1
ET1105,12,2027-06,1
ET1106,12,2027-06,1
ET1201,12,2027-06,1
ET1202,12,2027-06,1
ET1203,12,2027-06,1
ET1204,12,2027-06,1
ET1301,12,2027-06,1
ET1401,12,2027-06,1
ET1501,12,2027-06,2
ET1502,12,2027-06,1
ET1600,12,2027-06,2
