zone_code,lead,target_month,cluster,xgb_pred,rf_pred
ET0201,0,2026-06,pastoral,2.1701326753075225,2.2108132195268193
ET0202,0,2026-06,pastoral,2.4350203059713476,2.4961933457132504
ET0203,0,2026-06,pastoral,2.26292719386506,2.2933157890570883
ET0204,0,2026-06,pastoral,2.6673957671202375,2.707386691961834
ET0205,0,2026-06,pastoral,1.9402230451241491,1.9733087951028483
ET0411,0,2026-06,pastoral,1.6296404540652365,1.73524910701008
ET0412,0,2026-06,pastoral,2.430191608501262,2.5437114592423513
ET0414,0,2026-06,pastoral,1.4591757882674405,1.558894574250962
ET0415,0,2026-06,pastoral,1.4198610739137374,1.5168467450978023
ET0421,0,2026-06,pastoral,2.055353853904114,2.0471722668849943
ET0501,0,2026-06,pastoral,2.153552171947952,2.279803235487745
ET0503,0,2026-06,pastoral,2.727894399490641,2.889483193326782
ET0504,0,2026-06,pastoral,2.6510496471627563,2.8881068384199056
ET0505,0,2026-06,pastoral,2.6182414117751525,2.837265381311749
ET0506,0,2026-06,pastoral,2.637345600552909,2.868231548564211
ET0507,0,2026-06,pastoral,2.8343518227338795,2.9224963149422267
ET0508,0,2026-06,pastoral,2.7910462447622613,2.9173353857873012
ET0509,0,2026-06,pastoral,2.723957751040121,2.8633119250197705
ET0510,0,2026-06,pastoral,2.838530229993001,2.935752241802544
ET0511,0,2026-06,pastoral,2.6084796888976642,2.610192464049453
ET0410,0,2026-06,agropastoral,2.0436400743195833,2.2255779909989784
ET0502,0,2026-06,agropastoral,1.8786606034437159,1.822801300661329
ET0707,0,2026-06,agropastoral,1.751925262165471,1.9636735312554456
ET0712,0,2026-06,agropastoral,2.3281818077636687,2.7198701930195566
ET1201,0,2026-06,agropastoral,0.8920299932360649,1.0790604652884803
ET0101,0,2026-06,crop_farming,2.260243047484693,2.484094883029734
ET0102,0,2026-06,crop_farming,2.6298530859780027,2.6379884911582856
ET0103,0,2026-06,crop_farming,2.4374897066283774,2.518889974981605
ET0104,0,2026-06,crop_farming,2.5048219511023198,2.53675245359251
ET0105,0,2026-06,crop_farming,1.22828178758104,1.3604474469192265
ET0106,0,2026-06,crop_farming,2.46621477679354,2.4815916964506446
ET0107,0,2026-06,crop_farming,2.049980878829955,2.147330480257485
ET0301,0,2026-06,crop_farming,2.4527008839832773,2.5182045577657024
ET0302,0,2026-06,crop_farming,1.4578842849272873,1.4622711885554929
ET0303,0,2026-06,crop_farming,2.3247002626052535,2.4043894888901005
ET0304,0,2026-06,crop_farming,1.876415500714318,2.046840992933195
ET0305,0,2026-06,crop_farming,1.3130215456801797,1.3675981228363865
ET0306,0,2026-06,crop_farming,1.047490958742842,1.027588280455009
ET0307,0,2026-06,crop_farming,1.0320724782806572,1.0139121041815178
ET0308,0,2026-06,crop_farming,2.5128178684631033,2.547841020452018
ET0309,0,2026-06,crop_farming,1.0331489108502867,1.0134887646165718
ET0310,0,2026-06,crop_farming,1.8716910204184125,1.9325108072419968
ET0311,0,2026-06,crop_farming,1.2096969896545593,1.2046427931217845
ET0312,0,2026-06,crop_farming,1.0318245068192484,1.0130695589713012
ET0401,0,2026-06,crop_farming,1.2429037164631225,1.2338884036180742
ET0402,0,2026-06,crop_farming,1.2161927988730492,1.2043049811892648
ET0403,0,2026-06,crop_farming,1.0331489108502865,1.0134887646165716
ET0404,0,2026-06,crop_farming,1.0331489108502867,1.0152359019948998
ET0405,0,2026-06,crop_farming,1.0331489108502867,1.0134887646165718
ET0406,0,2026-06,crop_farming,1.0502962627912795,1.029759818078152
ET0407,0,2026-06,crop_farming,1.3128778497218643,1.3196534391445354
ET0408,0,2026-06,crop_farming,1.4720588953470144,1.4170042840508472
ET0409,0,2026-06,crop_farming,2.5771196964921432,2.634880333694467
ET0413,0,2026-06,crop_farming,1.0539745972234467,1.0223026573133802
ET0416,0,2026-06,crop_farming,1.0331489108502865,1.0134887646165716
ET0417,0,2026-06,crop_farming,1.3203434597080825,1.3268225449117832
ET0418,0,2026-06,crop_farming,1.0301593164548069,1.0148194815370464
ET0419,0,2026-06,crop_farming,1.325938498102527,1.326246881171321
ET0420,0,2026-06,crop_farming,1.0331489108502865,1.0149104081397688
ET0602,0,2026-06,crop_farming,1.0318245068192482,1.013066695263369
ET0603,0,2026-06,crop_farming,1.0572211282528816,1.033993545097132
ET0604,0,2026-06,crop_farming,1.0790826500150814,1.0582401447489098
ET0605,0,2026-06,crop_farming,1.1119903075470123,1.0894276942938628
ET0701,0,2026-06,crop_farming,1.3851788556336935,1.3844007497281903
ET0702,0,2026-06,crop_farming,1.4176720966886667,1.375767467336259
ET0703,0,2026-06,crop_farming,2.234301806764978,2.269682490659875
ET0705,0,2026-06,crop_farming,2.0448580249485455,2.1364898018459324
ET0706,0,2026-06,crop_farming,2.491867049143407,2.5742245598033384
ET0710,0,2026-06,crop_farming,2.725466754213243,2.7425720371138875
ET0713,0,2026-06,crop_farming,2.9543130708594987,2.9142579861834697
ET0714,0,2026-06,crop_farming,1.2706376948572733,1.2642206723907983
ET0715,0,2026-06,crop_farming,1.832550102928021,1.9381475817804703
ET0716,0,2026-06,crop_farming,1.0787546893966142,1.0551363176182602
ET0720,0,2026-06,crop_farming,1.5757973169235397,1.5683365217374146
ET0721,0,2026-06,crop_farming,2.951411370428327,2.915968254748651
ET0722,0,2026-06,crop_farming,2.9550133121260864,2.918603120363067
ET0723,0,2026-06,crop_farming,2.9631839245557785,2.9267983505053112
ET0724,0,2026-06,crop_farming,1.0331489108502865,1.0142336603159554
ET1101,0,2026-06,crop_farming,1.0331489108502865,1.0134887646165716
ET1102,0,2026-06,crop_farming,1.0487337235593983,1.0451981274235937
ET1103,0,2026-06,crop_farming,1.0331489108502865,1.0134887646165716
ET1104,0,2026-06,crop_farming,1.1341122270209145,1.1758460924365224
ET1105,0,2026-06,crop_farming,1.0300718302358263,1.019281453363087
ET1106,0,2026-06,crop_farming,1.0528496250103334,1.0234667958837886
ET1202,0,2026-06,crop_farming,1.031824506819248,1.013353025706442
ET1203,0,2026-06,crop_farming,1.0331489108502863,1.0134887646165713
ET1204,0,2026-06,crop_farming,1.0318245068192484,1.012535349715755
ET1301,0,2026-06,crop_farming,1.2601444794442493,1.2790256386879186
ET1401,0,2026-06,crop_farming,1.0331489108502865,1.0134887646165716
ET1501,0,2026-06,crop_farming,1.332461291658547,1.3508714624513258
ET1502,0,2026-06,crop_farming,1.7276870307796157,1.8219163833526935
ET1600,0,2026-06,crop_farming,1.8149850689117988,1.9182227565696601
ET0201,1,2026-07,pastoral,2.09100912940381,2.2285997036462786
ET0202,1,2026-07,pastoral,2.3606478691200845,2.566457751367851
ET0203,1,2026-07,pastoral,2.185005278997003,2.3161313245926896
ET0204,1,2026-07,pastoral,2.6289851929224684,2.7570603399729694
ET0205,1,2026-07,pastoral,1.8739853999004124,1.9743761334139833
ET0411,1,2026-07,pastoral,1.5865475475901694,1.7313221180475267
ET0412,1,2026-07,pastoral,2.4085422329433626,2.568270496301496
ET0414,1,2026-07,pastoral,1.4056382295032213,1.5674854975699166
ET0415,1,2026-07,pastoral,1.3732067619736634,1.5008828400422678
ET0421,1,2026-07,pastoral,1.9457666837204552,2.067815405931697
ET0501,1,2026-07,pastoral,2.072166656783368,2.125306147506369
ET0503,1,2026-07,pastoral,2.6728887224462494,2.8372604007116577
ET0504,1,2026-07,pastoral,2.888273838589987,2.9582045561471015
ET0505,1,2026-07,pastoral,2.6351995888648436,2.8442397054451805
ET0506,1,2026-07,pastoral,2.6554264013246223,2.8448221610671127
ET0507,1,2026-07,pastoral,2.901418507099152,2.9734392090726547
ET0508,1,2026-07,pastoral,2.8631882795313195,2.9418111813115244
ET0509,1,2026-07,pastoral,2.749131318275591,2.8079859690966296
ET0510,1,2026-07,pastoral,2.861608060665265,2.9772927568599417
ET0511,1,2026-07,pastoral,2.513330082431371,2.5924098828710815
ET0410,1,2026-07,agropastoral,2.3612776389339984,2.2225554928841373
ET0502,1,2026-07,agropastoral,2.0553242294291,1.8857547036337616
ET0707,1,2026-07,agropastoral,1.9533402570609293,1.904571668984671
ET0712,1,2026-07,agropastoral,2.3856800839973418,2.669205928378441
ET1201,1,2026-07,agropastoral,1.0704884007573128,1.1056431008020249
ET0101,1,2026-07,crop_farming,2.360097188958463,2.31337909794095
ET0102,1,2026-07,crop_farming,2.459530943436594,2.632421023563822
ET0103,1,2026-07,crop_farming,2.4268532652187895,2.459061258408622
ET0104,1,2026-07,crop_farming,2.523560608338419,2.5370039534192435
ET0105,1,2026-07,crop_farming,1.3226492022939458,1.3516663649809537
ET0106,1,2026-07,crop_farming,2.55777287558657,2.434220559262127
ET0107,1,2026-07,crop_farming,2.176138907670974,2.065667597094233
ET0301,1,2026-07,crop_farming,2.512117166905307,2.4869139395343067
ET0302,1,2026-07,crop_farming,1.637593823744693,1.4873986133085726
ET0303,1,2026-07,crop_farming,2.4389476368418372,2.356090323167167
ET0304,1,2026-07,crop_farming,1.9088906313468377,2.000206815460861
ET0305,1,2026-07,crop_farming,1.372177859218731,1.4000047733164416
ET0306,1,2026-07,crop_farming,1.0460450431928485,1.0282855678526936
ET0307,1,2026-07,crop_farming,1.031055660293692,1.0087754359690049
ET0308,1,2026-07,crop_farming,2.516163954011504,2.5282917128610367
ET0309,1,2026-07,crop_farming,1.0308076888322832,1.007448014602169
ET0310,1,2026-07,crop_farming,1.9151824882519315,1.964962583140124
ET0311,1,2026-07,crop_farming,1.2423393914094154,1.2491114645763866
ET0312,1,2026-07,crop_farming,1.0308076888322832,1.007884963705056
ET0401,1,2026-07,crop_farming,1.2792340252282954,1.2752545091559322
ET0402,1,2026-07,crop_farming,1.2483990846179547,1.2444634374204895
ET0403,1,2026-07,crop_farming,1.030807688832283,1.0074480146021687
ET0404,1,2026-07,crop_farming,1.0308076888322832,1.007884963705056
ET0405,1,2026-07,crop_farming,1.0308076888322832,1.007448014602169
ET0406,1,2026-07,crop_farming,1.080280394246701,1.1378815766579702
ET0407,1,2026-07,crop_farming,1.3262329781889473,1.321095983370018
ET0408,1,2026-07,crop_farming,1.5128021122192297,1.4186274210618073
ET0409,1,2026-07,crop_farming,2.3463127236606556,2.6466551776715823
ET0413,1,2026-07,crop_farming,1.0396067225116947,1.0188210808221774
ET0416,1,2026-07,crop_farming,1.030807688832283,1.0074480146021687
ET0417,1,2026-07,crop_farming,1.3377552504962562,1.3477101596801624
ET0418,1,2026-07,crop_farming,1.032249854375401,1.0091257147917267
ET0419,1,2026-07,crop_farming,1.3420258960355333,1.3370845309197665
ET0420,1,2026-07,crop_farming,1.030807688832283,1.008527464507596
ET0602,1,2026-07,crop_farming,1.030807688832283,1.007135318004582
ET0603,1,2026-07,crop_farming,1.044177657572168,1.0319161319226688
ET0604,1,2026-07,crop_farming,1.068443656781639,1.0540533957287805
ET0605,1,2026-07,crop_farming,1.1170699569358025,1.0894072944042041
ET0701,1,2026-07,crop_farming,1.412189266657787,1.397369089116167
ET0702,1,2026-07,crop_farming,1.4435288598131326,1.3693261746342185
ET0703,1,2026-07,crop_farming,2.1623439782879528,2.212645427817623
ET0705,1,2026-07,crop_farming,1.994991659679719,2.0734048734139003
ET0706,1,2026-07,crop_farming,2.2594054234332774,2.5449009292143265
ET0710,1,2026-07,crop_farming,2.5155458747598223,2.740081681666969
ET0713,1,2026-07,crop_farming,2.7508591128249833,2.9400005017708764
ET0714,1,2026-07,crop_farming,1.2532297858215906,1.2513400488993727
ET0715,1,2026-07,crop_farming,1.8153404016879582,1.8079980218806408
ET0716,1,2026-07,crop_farming,1.0643868146848623,1.043506897574289
ET0720,1,2026-07,crop_farming,1.5424639930276085,1.5069974823926364
ET0721,1,2026-07,crop_farming,2.7463443020899327,2.9440840732003988
ET0722,1,2026-07,crop_farming,2.748621839756654,2.950883884923264
ET0723,1,2026-07,crop_farming,2.769375428557396,2.947714220848722
ET0724,1,2026-07,crop_farming,1.030807688832283,1.0074480146021687
ET1101,1,2026-07,crop_farming,1.030807688832283,1.0074480146021687
ET1102,1,2026-07,crop_farming,1.0778326701605507,1.124942510081457
ET1103,1,2026-07,crop_farming,1.030807688832283,1.0074480146021687
ET1104,1,2026-07,crop_farming,1.1528891653401208,1.2005085843019248
ET1105,1,2026-07,crop_farming,1.033486774050104,1.011787043434799
ET1106,1,2026-07,crop_farming,1.0384817502985815,1.0177978240516898
ET1202,1,2026-07,crop_farming,1.0308076888322828,1.0074480146021685
ET1203,1,2026-07,crop_farming,1.0308076888322828,1.0074480146021685
ET1204,1,2026-07,crop_farming,1.0308076888322832,1.007448014602169
ET1301,1,2026-07,crop_farming,1.2851075156237919,1.2913700837574322
ET1401,1,2026-07,crop_farming,1.030807688832283,1.0074480146021687
ET1501,1,2026-07,crop_farming,1.3594717026826406,1.3718575866248786
ET1502,1,2026-07,crop_farming,1.7592393734775937,1.7525595017033366
ET1600,1,2026-07,crop_farming,1.8590490617101272,1.7835422188272394
ET0201,2,2026-08,pastoral,2.0547945542323394,2.349716542904266
ET0202,2,2026-08,pastoral,2.3926447935502164,2.615537236251572
ET0203,2,2026-08,pastoral,2.112825887016832,2.442579150998794
ET0204,2,2026-08,pastoral,2.6153221096075727,2.7647691587207097
ET0205,2,2026-08,pastoral,1.8015642887339351,2.0756772161903414
ET0411,2,2026-08,pastoral,1.5870737522954077,1.8152448260848235
ET0412,2,2026-08,pastoral,2.428269947303123,2.6193465094390853
ET0414,2,2026-08,pastoral,1.3961655613322923,1.6295561252451292
ET0415,2,2026-08,pastoral,1.3153804217751466,1.5989587322482093
ET0421,2,2026-08,pastoral,1.9947266914476014,2.0757585627099697
ET0501,2,2026-08,pastoral,1.960411478939052,2.257909131424943
ET0503,2,2026-08,pastoral,2.661518041219996,2.8803825121554616
ET0504,2,2026-08,pastoral,2.7734890465243667,2.879838569539719
ET0505,2,2026-08,pastoral,2.6709322753844664,2.7957850546768994
ET0506,2,2026-08,pastoral,2.6340560798124,2.880960534146437
ET0507,2,2026-08,pastoral,2.781070083379746,2.8708558769289536
ET0508,2,2026-08,pastoral,2.761085970065911,2.875958070012401
ET0509,2,2026-08,pastoral,2.670325670485159,2.861524408704212
ET0510,2,2026-08,pastoral,2.79828083760275,2.90838980592408
ET0511,2,2026-08,pastoral,2.415692816510732,2.6033789254271817
ET0410,2,2026-08,agropastoral,2.070333567447406,2.2868116695129546
ET0502,2,2026-08,agropastoral,1.874424777011011,1.916163187796412
ET0707,2,2026-08,agropastoral,1.8994394936684809,1.9641596604740905
ET0712,2,2026-08,agropastoral,2.484885130889508,2.7271227367388544
ET1201,2,2026-08,agropastoral,1.1806061118841171,1.048194901522331
ET0101,2,2026-08,crop_farming,2.2804349404662223,2.1824622436798515
ET0102,2,2026-08,crop_farming,2.5318954376411154,2.558434551452035
ET0103,2,2026-08,crop_farming,2.294571578108127,2.4560267036517702
ET0104,2,2026-08,crop_farming,2.4206411666905914,2.531906391048314
ET0105,2,2026-08,crop_farming,1.2730248188443913,1.253296155798016
ET0106,2,2026-08,crop_farming,2.4827890701685553,2.393729067896103
ET0107,2,2026-08,crop_farming,2.038705863058566,1.8683224206465137
ET0301,2,2026-08,crop_farming,2.401341946697437,2.465767862978584
ET0302,2,2026-08,crop_farming,1.432339432908931,1.3018446744353023
ET0303,2,2026-08,crop_farming,2.301839646159712,2.2864497205322367
ET0304,2,2026-08,crop_farming,1.991904864384667,1.7958661806198217
ET0305,2,2026-08,crop_farming,1.4701090058404351,1.3996686871963515
ET0306,2,2026-08,crop_farming,1.1650271645412296,1.0164704777142393
ET0307,2,2026-08,crop_farming,1.0388925087910827,1.0059981318071698
ET0308,2,2026-08,crop_farming,2.465766550473277,2.443443022197437
ET0309,2,2026-08,crop_farming,1.1662251204252245,1.0057430992540344
ET0310,2,2026-08,crop_farming,1.764566363979585,1.750137641887673
ET0311,2,2026-08,crop_farming,1.1808191632470075,1.185853412537509
ET0312,2,2026-08,crop_farming,1.038644537329674,1.0057439062919833
ET0401,2,2026-08,crop_farming,1.3603074062350131,1.2199521259757102
ET0402,2,2026-08,crop_farming,1.3371427116893353,1.1891774323455921
ET0403,2,2026-08,crop_farming,1.1662251204252243,1.0057430992540342
ET0404,2,2026-08,crop_farming,1.1662251204252245,1.0057430992540344
ET0405,2,2026-08,crop_farming,1.1662251204252245,1.0057430992540344
ET0406,2,2026-08,crop_farming,1.1634007254148757,1.0461038422946647
ET0407,2,2026-08,crop_farming,1.2801427590190921,1.284916674432412
ET0408,2,2026-08,crop_farming,1.331177091063306,1.2439077685792328
ET0409,2,2026-08,crop_farming,2.2848651628734546,2.6633715516452954
ET0413,2,2026-08,crop_farming,1.175024154104636,1.014543477533157
ET0416,2,2026-08,crop_farming,1.1662251204252243,1.0057430992540342
ET0417,2,2026-08,crop_farming,1.2689817647760986,1.3018223146575
ET0418,2,2026-08,crop_farming,1.1676672859683423,1.0071852647971522
ET0419,2,2026-08,crop_farming,1.392217708252769,1.2971954063853162
ET0420,2,2026-08,crop_farming,1.1662251204252243,1.0057501603457608
ET0602,2,2026-08,crop_farming,1.0592829510569572,1.0159776154328348
ET0603,2,2026-08,crop_farming,1.0733683245457588,1.036056250641081
ET0604,2,2026-08,crop_farming,1.0964767307731762,1.0495474708931096
ET0605,2,2026-08,crop_farming,1.1293843883051071,1.0866773360660504
ET0701,2,2026-08,crop_farming,1.433001018142658,1.3130512128589706
ET0702,2,2026-08,crop_farming,1.4058443595956949,1.2096402932519519
ET0703,2,2026-08,crop_farming,2.185252590442377,2.124462935270506
ET0705,2,2026-08,crop_farming,2.0179002718341432,1.9323948215777274
ET0706,2,2026-08,crop_farming,2.3057243568010066,2.5473112943060774
ET0710,2,2026-08,crop_farming,2.1912345140430025,2.7216879896684767
ET0713,2,2026-08,crop_farming,2.469116733755655,2.9229253636570407
ET0714,2,2026-08,crop_farming,1.312593344710026,1.1656132254421268
ET0715,2,2026-08,crop_farming,1.8615010809985184,1.626388092472376
ET0716,2,2026-08,crop_farming,1.2010511456441824,1.0413086825958295
ET0720,2,2026-08,crop_farming,1.5300662455407787,1.2896971503942865
ET0721,2,2026-08,crop_farming,2.466215033324483,2.9299570981695227
ET0722,2,2026-08,crop_farming,2.596073154086755,2.9253715625975265
ET0723,2,2026-08,crop_farming,2.441448986530304,2.932058798333651
ET0724,2,2026-08,crop_farming,1.1662251204252243,1.0057430992540342
ET1101,2,2026-08,crop_farming,1.1662251204252243,1.0057430992540342
ET1102,2,2026-08,crop_farming,1.0151754023739883,1.0276998907601427
ET1103,2,2026-08,crop_farming,1.1662251204252243,1.0057430992540342
ET1104,2,2026-08,crop_farming,1.1857607991082024,1.073699914681362
ET1105,2,2026-08,crop_farming,1.0413236225474947,1.0084172750177884
ET1106,2,2026-08,crop_farming,1.1738991818915228,1.0134185053200437
ET1202,2,2026-08,crop_farming,1.0386445373296735,1.0057439062919828
ET1203,2,2026-08,crop_farming,1.166225120425224,1.005743099254034
ET1204,2,2026-08,crop_farming,1.038644537329674,1.0057439062919833
ET1301,2,2026-08,crop_farming,1.2901174499299366,1.1982534731579324
ET1401,2,2026-08,crop_farming,1.1662251204252243,1.0057430992540342
ET1501,2,2026-08,crop_farming,1.3572284073707128,1.2814497010140387
ET1502,2,2026-08,crop_farming,1.7608680312805332,1.6428813849717354
ET1600,2,2026-08,crop_farming,1.7189266927783569,1.6310554714620453
ET0201,3,2026-09,pastoral,2.3123710794436736,2.3841256773080852
ET0202,3,2026-09,pastoral,2.7362669713894956,2.5377282545264546
ET0203,3,2026-09,pastoral,2.413800554089128,2.439754023537198
ET0204,3,2026-09,pastoral,2.6262590850866987,2.7334042842219324
ET0205,3,2026-09,pastoral,2.0484895011768103,2.0516941926383865
ET0411,3,2026-09,pastoral,1.6975846547746987,1.7895563924362006
ET0412,3,2026-09,pastoral,2.6691081546076005,2.5393037587068115
ET0414,3,2026-09,pastoral,1.5149225894649694,1.6075754642841615
ET0415,3,2026-09,pastoral,1.4996221264179193,1.5680181483941271
ET0421,3,2026-09,pastoral,2.1261460967887498,2.185092128556799
ET0501,3,2026-09,pastoral,2.2373188856863933,2.302101794636294
ET0503,3,2026-09,pastoral,2.771057985898541,2.754302883374302
ET0504,3,2026-09,pastoral,2.8745635483964294,2.896747648397134
ET0505,3,2026-09,pastoral,2.636589360564749,2.834718011010903
ET0506,3,2026-09,pastoral,2.6855407540277167,2.7839586640156337
ET0507,3,2026-09,pastoral,2.808747157454491,2.897558720489034
ET0508,3,2026-09,pastoral,2.8052941241482094,2.875485376839927
ET0509,3,2026-09,pastoral,2.6758204289719068,2.7714705267603117
ET0510,3,2026-09,pastoral,2.8193872893525516,2.9087195473639973
ET0511,3,2026-09,pastoral,2.75566847158962,2.6006066750022803
ET0410,3,2026-09,agropastoral,2.09418138582204,2.171106014482722
ET0502,3,2026-09,agropastoral,1.7089419989088515,1.8711657780892192
ET0707,3,2026-09,agropastoral,1.807791712236806,1.874648995368947
ET0712,3,2026-09,agropastoral,2.413675789601895,2.492926910386556
ET1201,3,2026-09,agropastoral,1.0426487550139427,1.018540040964693
ET0101,3,2026-09,crop_farming,2.377189327487287,2.2523664083723216
ET0102,3,2026-09,crop_farming,2.3840373990964605,2.3006737635914245
ET0103,3,2026-09,crop_farming,2.3604118070345175,2.292396616344093
ET0104,3,2026-09,crop_farming,2.2659581327548657,2.204187215821466
ET0105,3,2026-09,crop_farming,1.1805022274919286,1.1603254334364534
ET0106,3,2026-09,crop_farming,2.2993920294661527,2.3382606409945534
ET0107,3,2026-09,crop_farming,2.1506705284118643,2.099432324060837
ET0301,3,2026-09,crop_farming,2.2253004432605734,2.3279426270781123
ET0302,3,2026-09,crop_farming,1.6058253527421142,1.398116686760155
ET0303,3,2026-09,crop_farming,2.314551193474833,2.2883808929994416
ET0304,3,2026-09,crop_farming,2.129144860728518,2.045956842190179
ET0305,3,2026-09,crop_farming,1.3490278324204827,1.2223788727626588
ET0306,3,2026-09,crop_farming,1.0412218204364627,1.0183965053375232
ET0307,3,2026-09,crop_farming,1.0219054849159654,1.0071107980470535
ET0308,3,2026-09,crop_farming,2.267189131549899,2.206808644862648
ET0309,3,2026-09,crop_farming,1.0216575134545567,1.00565732583914
ET0310,3,2026-09,crop_farming,2.0183814635765622,1.8782873216791973
ET0311,3,2026-09,crop_farming,1.2048257777085487,1.1492384692479158
ET0312,3,2026-09,crop_farming,1.0216575134545567,1.00565732583914
ET0401,3,2026-09,crop_farming,1.2342408295455314,1.1935826637365996
ET0402,3,2026-09,crop_farming,1.2084385586880269,1.1511546483843769
ET0403,3,2026-09,crop_farming,1.0216575134545565,1.0056573258391397
ET0404,3,2026-09,crop_farming,1.0216575134545567,1.0068628265856447
ET0405,3,2026-09,crop_farming,1.0216575134545567,1.00565732583914
ET0406,3,2026-09,crop_farming,1.0395953813101089,1.0195307846072066
ET0407,3,2026-09,crop_farming,1.3080115663349186,1.2203118414575647
ET0408,3,2026-09,crop_farming,1.4833012701248083,1.2997372086516927
ET0409,3,2026-09,crop_farming,2.1510922234298664,2.2452958329105996
ET0413,3,2026-09,crop_farming,1.0304565471339682,1.0143523174779525
ET0416,3,2026-09,crop_farming,1.0216575134545565,1.0056573258391397
ET0417,3,2026-09,crop_farming,1.318714263600695,1.2373290692886174
ET0418,3,2026-09,crop_farming,1.0230996789976745,1.0076594468685622
ET0419,3,2026-09,crop_farming,1.3229849091399721,1.2284976137432593
ET0420,3,2026-09,crop_farming,1.0216575134545565,1.0068628265856445
ET0602,3,2026-09,crop_farming,1.028017345815897,1.0099589497980896
ET0603,3,2026-09,crop_farming,1.041387314555782,1.053703089408207
ET0604,3,2026-09,crop_farming,1.066422481903757,1.0754693865196427
ET0605,3,2026-09,crop_farming,1.099330139435688,1.1566362247817874
ET0701,3,2026-09,crop_farming,1.349084793603378,1.2434256716243104
ET0702,3,2026-09,crop_farming,1.3879822855185655,1.2695110273544494
ET0703,3,2026-09,crop_farming,2.191656588135646,2.1439244049200767
ET0705,3,2026-09,crop_farming,2.101769493454405,1.9884646467080427
ET0706,3,2026-09,crop_farming,2.1900217724151347,2.222754184946608
ET0710,3,2026-09,crop_farming,2.198780760094791,2.3254920749301786
ET0713,3,2026-09,crop_farming,2.579457776035852,2.4981202492304804
ET0714,3,2026-09,crop_farming,1.1931854077793695,1.1463022050994716
ET0715,3,2026-09,crop_farming,1.9375005626020216,1.8922319426022691
ET0716,3,2026-09,crop_farming,1.0584102942061369,1.043884110864141
ET0720,3,2026-09,crop_farming,1.6175063451079537,1.4732198956586817
ET0721,3,2026-09,crop_farming,2.5765560756046804,2.5149567622718454
ET0722,3,2026-09,crop_farming,2.5788336132714016,2.4919754864911323
ET0723,3,2026-09,crop_farming,2.5346906781196594,2.4936492216306934
ET0724,3,2026-09,crop_farming,1.0216575134545565,1.0058810286445896
ET1101,3,2026-09,crop_farming,1.0216575134545565,1.0056573258391397
ET1102,3,2026-09,crop_farming,1.039357246109266,1.0203899076410683
ET1103,3,2026-09,crop_farming,1.0216575134545565,1.0056573258391397
ET1104,3,2026-09,crop_farming,1.096860978065188,1.0665896936068835
ET1105,3,2026-09,crop_farming,1.0243365986723774,1.0088625104670998
ET1106,3,2026-09,crop_farming,1.029331574920855,1.0132273452648393
ET1202,3,2026-09,crop_farming,1.0216575134545562,1.0056573258391395
ET1203,3,2026-09,crop_farming,1.0216575134545562,1.0056573258391395
ET1204,3,2026-09,crop_farming,1.0216575134545567,1.00565732583914
ET1301,3,2026-09,crop_farming,1.223578050604089,1.1819835696878938
ET1401,3,2026-09,crop_farming,1.0216575134545565,1.0056573258391397
ET1501,3,2026-09,crop_farming,1.2958948628183866,1.2062684819805896
ET1502,3,2026-09,crop_farming,1.9316479523949779,1.8002690073534366
ET1600,3,2026-09,crop_farming,1.921259936342128,1.8700465097717143
ET0201,4,2026-10,pastoral,2.276029568730573,2.444885777607905
ET0202,4,2026-10,pastoral,2.459206224242889,2.516474082889927
ET0203,4,2026-10,pastoral,2.4442733542247406,2.4956914741395586
ET0204,4,2026-10,pastoral,2.6568176414049818,2.530829103730218
ET0205,4,2026-10,pastoral,2.030642782746291,2.090163699063365
ET0411,4,2026-10,pastoral,1.7572625219935507,1.8369790549966687
ET0412,4,2026-10,pastoral,2.5499471839346355,2.498883461685573
ET0414,4,2026-10,pastoral,1.6066965949078271,1.6389187590133905
ET0415,4,2026-10,pastoral,1.5874862348015748,1.6006021475424927
ET0421,4,2026-10,pastoral,2.0665245093930817,2.1928217861493575
ET0501,4,2026-10,pastoral,2.346334812405105,2.454701918957858
ET0503,4,2026-10,pastoral,2.8216818218943343,2.8129410455497954
ET0504,4,2026-10,pastoral,2.7610460851891845,2.7986441961795325
ET0505,4,2026-10,pastoral,2.7891745391784117,2.7832112143935817
ET0506,4,2026-10,pastoral,2.7220854346231147,2.6750313025787205
ET0507,4,2026-10,pastoral,2.82167261838913,2.8394333816620136
ET0508,4,2026-10,pastoral,2.750365225336869,2.741376941215975
ET0509,4,2026-10,pastoral,2.682463515643736,2.6159983312545108
ET0510,4,2026-10,pastoral,2.83189298457636,2.858054977884474
ET0511,4,2026-10,pastoral,2.5674992008357593,2.672643469950746
ET0410,4,2026-10,agropastoral,2.061260697431308,1.9174729520976923
ET0502,4,2026-10,agropastoral,1.5776410876015166,1.668004146074688
ET0707,4,2026-10,agropastoral,1.7758532189850054,1.6844572821353654
ET0712,4,2026-10,agropastoral,2.447823350198361,2.252721218215811
ET1201,4,2026-10,agropastoral,0.993327162694186,1.0392443211567552
ET0101,4,2026-10,crop_farming,2.1013938289736704,2.172877260157238
ET0102,4,2026-10,crop_farming,2.1248779682349874,2.071117141409637
ET0103,4,2026-10,crop_farming,1.9746570471454215,2.102829109145954
ET0104,4,2026-10,crop_farming,2.0246933126559887,2.083239916547013
ET0105,4,2026-10,crop_farming,1.3736323928304448,1.4847636532630557
ET0106,4,2026-10,crop_farming,2.1695643372927313,2.1610883489184363
ET0107,4,2026-10,crop_farming,1.9427369832992545,1.845553205539003
ET0301,4,2026-10,crop_farming,2.010311600654029,2.1161064598121495
ET0302,4,2026-10,crop_farming,1.3963248797494556,1.468415884000688
ET0303,4,2026-10,crop_farming,2.1705886611929572,2.013512684875525
ET0304,4,2026-10,crop_farming,1.8971740289766947,1.6761115454246154
ET0305,4,2026-10,crop_farming,1.4225091984588052,1.4192697020683298
ET0306,4,2026-10,crop_farming,1.0773351943716853,1.077541565751514
ET0307,4,2026-10,crop_farming,1.0513647583585914,1.0139412711998863
ET0308,4,2026-10,crop_farming,1.9993963255205793,2.0976617635078276
ET0309,4,2026-10,crop_farming,1.0511167868971827,1.0122008821372892
ET0310,4,2026-10,crop_farming,2.039377706338174,1.7514730638571472
ET0311,4,2026-10,crop_farming,1.3041254916777794,1.2839863391030673
ET0312,4,2026-10,crop_farming,1.0511167868971827,1.0122024851205302
ET0401,4,2026-10,crop_farming,1.336896102476392,1.3129975305142965
ET0402,4,2026-10,crop_farming,1.3101851848863186,1.286793872221709
ET0403,4,2026-10,crop_farming,1.0511167868971825,1.012200882137289
ET0404,4,2026-10,crop_farming,1.0511167868971827,1.0122038314562272
ET0405,4,2026-10,crop_farming,1.0511167868971827,1.0122008821372892
ET0406,4,2026-10,crop_farming,1.1459093996788299,1.1348170878668384
ET0407,4,2026-10,crop_farming,1.3120170319914375,1.2777341902444954
ET0408,4,2026-10,crop_farming,1.3701615029250536,1.3549604820390608
ET0409,4,2026-10,crop_farming,2.0872314791919666,2.046272017208043
ET0413,4,2026-10,crop_farming,1.0707557410675743,1.02422371521295
ET0416,4,2026-10,crop_farming,1.0511167868971825,1.012200882137289
ET0417,4,2026-10,crop_farming,1.332771609289038,1.2853541249112728
ET0418,4,2026-10,crop_farming,1.0525589524403005,1.013632094643849
ET0419,4,2026-10,crop_farming,1.3278099498380236,1.2556492525356824
ET0420,4,2026-10,crop_farming,1.0511167868971825,1.0136984032347687
ET0602,4,2026-10,crop_farming,1.0511167868971825,1.0131917647774302
ET0603,4,2026-10,crop_farming,1.0753266761280476,1.0301410923136187
ET0604,4,2026-10,crop_farming,1.0971881978902474,1.0563794971829548
ET0605,4,2026-10,crop_farming,1.143158947206894,1.1412206384289192
ET0701,4,2026-10,crop_farming,1.3424095502256925,1.3297206068715028
ET0702,4,2026-10,crop_farming,1.3404446383308557,1.3092762680413945
ET0703,4,2026-10,crop_farming,2.011831523256677,1.8531983171383544
ET0705,4,2026-10,crop_farming,1.8908680989679776,1.7058999198036024
ET0706,4,2026-10,crop_farming,1.9803181183643077,2.0695030330119732
ET0710,4,2026-10,crop_farming,1.999550566002994,1.9147812164947404
ET0713,4,2026-10,crop_farming,2.2797998053689668,2.063575154277335
ET0714,4,2026-10,crop_farming,1.289820317289982,1.3718422432504016
ET0715,4,2026-10,crop_farming,1.7778147851017498,1.5365892328471684
ET0716,4,2026-10,crop_farming,1.0955358332407419,1.0502503960150094
ET0720,4,2026-10,crop_farming,1.4864724458454062,1.4547238693499616
ET0721,4,2026-10,crop_farming,2.276898104937795,2.0621479005848107
ET0722,4,2026-10,crop_farming,2.279175642604516,2.0648349709973237
ET0723,4,2026-10,crop_farming,2.264951169490814,2.0714905633788874
ET0724,4,2026-10,crop_farming,1.0511167868971825,1.0122093840934303
ET1101,4,2026-10,crop_farming,1.0511167868971825,1.012200882137289
ET1102,4,2026-10,crop_farming,1.145671264477987,1.1686562777574396
ET1103,4,2026-10,crop_farming,1.0511167868971825,1.012200882137289
ET1104,4,2026-10,crop_farming,1.2446277469975304,1.237973311836388
ET1105,4,2026-10,crop_farming,1.0537958721150034,1.0160237252385556
ET1106,4,2026-10,crop_farming,1.069630768854461,1.0230987429998368
ET1202,4,2026-10,crop_farming,1.0511167868971822,1.0127899882657396
ET1203,4,2026-10,crop_farming,1.0511167868971822,1.0122008821372888
ET1204,4,2026-10,crop_farming,1.0511167868971827,1.01278998826574
ET1301,4,2026-10,crop_farming,1.300544343760236,1.3297732828788946
ET1401,4,2026-10,crop_farming,1.0511167868971825,1.012200882137289
ET1501,4,2026-10,crop_farming,1.3719055892106558,1.3113835736749806
ET1502,4,2026-10,crop_farming,1.8774381240182079,1.6917859831831157
ET1600,4,2026-10,crop_farming,1.8880899133403977,1.6217616942192246
ET0201,8,2027-02,pastoral,2.234851617931108,2.400191727365738
ET0202,8,2027-02,pastoral,2.2784911923210256,2.444067899926081
ET0203,8,2027-02,pastoral,2.251244417130827,2.4022093713836705
ET0204,8,2027-02,pastoral,2.1631926263846113,2.5374478181170095
ET0205,8,2027-02,pastoral,2.1152548766121626,2.1448188904474317
ET0411,8,2027-02,pastoral,1.9129747986907095,1.9632061755284118
ET0412,8,2027-02,pastoral,2.3464533261783784,2.456022031233448
ET0414,8,2027-02,pastoral,1.7976826321621606,1.7354829298192982
ET0415,8,2027-02,pastoral,1.7075127487357102,1.6966142323659312
ET0421,8,2027-02,pastoral,2.0959693529237367,2.2210561314494957
ET0501,8,2027-02,pastoral,2.1739959243559794,2.395791621319369
ET0503,8,2027-02,pastoral,2.3289909550812706,2.6182391051679246
ET0504,8,2027-02,pastoral,2.395669016669592,2.7437751728964477
ET0505,8,2027-02,pastoral,2.2972824994025633,2.6630314006216302
ET0506,8,2027-02,pastoral,2.2325937036946937,2.639677901678864
ET0507,8,2027-02,pastoral,2.2940299510955815,2.6813056874028436
ET0508,8,2027-02,pastoral,2.330704925320466,2.7461093379704478
ET0509,8,2027-02,pastoral,2.213963050489088,2.6380098659973314
ET0510,8,2027-02,pastoral,2.3272794807626163,2.7368569358327557
ET0511,8,2027-02,pastoral,2.4840825004726,2.7046052196789274
ET0410,8,2027-02,agropastoral,2.629636880941135,2.2801876885915116
ET0502,8,2027-02,agropastoral,2.1869096933105925,1.907183658087865
ET0707,8,2027-02,agropastoral,2.293041738224431,1.862204187203776
ET0712,8,2027-02,agropastoral,2.321303312547299,2.125976790272457
ET1201,8,2027-02,agropastoral,1.1252443194389343,1.0441507340842173
ET0101,8,2027-02,crop_farming,1.9597606998770805,2.2269689647413062
ET0102,8,2027-02,crop_farming,2.2105456380080892,2.285937734506173
ET0103,8,2027-02,crop_farming,2.2285937551189017,2.2522843426748027
ET0104,8,2027-02,crop_farming,2.074511232387129,2.17974904367792
ET0105,8,2027-02,crop_farming,1.3251473819680943,1.3880810114643138
ET0106,8,2027-02,crop_farming,2.1607715346012717,2.2698480749522325
ET0107,8,2027-02,crop_farming,1.888119749724864,1.95705438193919
ET0301,8,2027-02,crop_farming,2.047082302062415,2.2076335963152878
ET0302,8,2027-02,crop_farming,1.3484725703287508,1.2272875545598765
ET0303,8,2027-02,crop_farming,2.0673393348446525,2.247658182425252
ET0304,8,2027-02,crop_farming,1.7504423245031993,1.6969900493790362
ET0305,8,2027-02,crop_farming,1.4405061652976419,1.395435547896967
ET0306,8,2027-02,crop_farming,1.103562035284981,1.0676801818124375
ET0307,8,2027-02,crop_farming,1.058222883687609,1.027461682985206
ET0308,8,2027-02,crop_farming,2.093793333939616,2.2209529518178512
ET0309,8,2027-02,crop_farming,1.0579749122262003,1.0247473447926074
ET0310,8,2027-02,crop_farming,1.6483729725968908,1.5350751930371764
ET0311,8,2027-02,crop_farming,1.2567088046660606,1.2433180393101821
ET0312,8,2027-02,crop_farming,1.0579749122262003,1.0222566442987013
ET0401,8,2027-02,crop_farming,1.286489341008935,1.2466486728021522
ET0402,8,2027-02,crop_farming,1.2597784234188618,1.2246141914749724
ET0403,8,2027-02,crop_farming,1.0579749122262,1.0247473447926072
ET0404,8,2027-02,crop_farming,1.0579749122262003,1.028631202409739
ET0405,8,2027-02,crop_farming,1.0579749122262003,1.0247473447926074
ET0406,8,2027-02,crop_farming,1.1019355961586272,1.0686737814523262
ET0407,8,2027-02,crop_farming,1.3533331165551696,1.3301856300727999
ET0408,8,2027-02,crop_farming,1.4902232469295416,1.4076954958803118
ET0409,8,2027-02,crop_farming,2.297466329837032,2.2478611966092084
ET0413,8,2027-02,crop_farming,1.1044370033520916,1.0284435206456821
ET0416,8,2027-02,crop_farming,1.0579749122262,1.0247473447926072
ET0417,8,2027-02,crop_farming,1.3837944071119903,1.4305865415024597
ET0418,8,2027-02,crop_farming,1.0594170777693181,1.031831030352494
ET0419,8,2027-02,crop_farming,1.3871847591031603,1.3284030179431008
ET0420,8,2027-02,crop_farming,1.0579749122262,1.0289667633677102
ET0602,8,2027-02,crop_farming,1.0579749122262,1.0222216575705667
ET0603,8,2027-02,crop_farming,1.1090079384125648,1.0378576787636997
ET0604,8,2027-02,crop_farming,1.1331094027254238,1.0646333882658496
ET0605,8,2027-02,crop_farming,1.1660170602573547,1.1174302940174354
ET0701,8,2027-02,crop_farming,1.4634226029872472,1.3798032690514332
ET0702,8,2027-02,crop_farming,1.4504223604988244,1.3482271279841145
ET0703,8,2027-02,crop_farming,2.0347558868698057,2.1742159552583176
ET0705,8,2027-02,crop_farming,2.08977770947785,2.1377083757138275
ET0706,8,2027-02,crop_farming,2.1247843993015025,2.2417904784125953
ET0710,8,2027-02,crop_farming,2.1524472682925753,2.2771425022732728
ET0713,8,2027-02,crop_farming,2.3082790834565827,2.438212144213627
ET0714,8,2027-02,crop_farming,1.4020402618862726,1.5559588286041475
ET0715,8,2027-02,crop_farming,1.761181945064404,1.665334071963673
ET0716,8,2027-02,crop_farming,1.1292170955252592,1.0556668183217204
ET0720,8,2027-02,crop_farming,1.495076989128988,1.309284028644808
ET0721,8,2027-02,crop_farming,2.3174276540596517,2.425213949120802
ET0722,8,2027-02,crop_farming,2.3043916259953243,2.4737290343074
ET0723,8,2027-02,crop_farming,2.359942138195038,2.4669514626993774
ET0724,8,2027-02,crop_farming,1.0579749122262,1.0277699927553776
ET1101,8,2027-02,crop_farming,1.0579749122262,1.0247473447926072
ET1102,8,2027-02,crop_farming,1.1153577279532143,1.090462956795572
ET1103,8,2027-02,crop_farming,1.0579749122262,1.0247473447926072
ET1104,8,2027-02,crop_farming,1.2983934313637566,1.2373907282706056
ET1105,8,2027-02,crop_farming,1.0834763924111002,1.035672197955226
ET1106,8,2027-02,crop_farming,1.1033120311389784,1.0317065543499224
ET1202,8,2027-02,crop_farming,1.0579749122261999,1.0212798937212053
ET1203,8,2027-02,crop_farming,1.0579749122261999,1.024747344792607
ET1204,8,2027-02,crop_farming,1.0579749122262003,1.0212798937212058
ET1301,8,2027-02,crop_farming,1.3876290990617115,1.3396950328531174
ET1401,8,2027-02,crop_farming,1.0579749122262,1.0247473447926072
ET1501,8,2027-02,crop_farming,1.4205089152928854,1.3834663119093615
ET1502,8,2027-02,crop_farming,1.7666075394772447,1.5682149792129334
ET1600,8,2027-02,crop_farming,1.82429874914337,1.6541387767402231
ET0201,12,2027-06,pastoral,2.311088745115976,2.3067724439258113
ET0202,12,2027-06,pastoral,2.2532842688362233,2.4810943990519023
ET0203,12,2027-06,pastoral,2.2840694987400165,2.333308978903609
ET0204,12,2027-06,pastoral,2.233776387122984,2.586337145424297
ET0205,12,2027-06,pastoral,2.1795812970385313,2.1476522288376767
ET0411,12,2027-06,pastoral,1.5531864106768698,1.6645467430416332
ET0412,12,2027-06,pastoral,2.414008977247066,2.5759425094238675
ET0414,12,2027-06,pastoral,1.5001635015298793,1.582373012842155
ET0415,12,2027-06,pastoral,1.4141222399945699,1.4974281101206164
ET0421,12,2027-06,pastoral,1.7467235439051247,2.0144173308672304
ET0501,12,2027-06,pastoral,2.288886484863754,2.4305725663888755
ET0503,12,2027-06,pastoral,2.6129620263245568,2.666100408731105
ET0504,12,2027-06,pastoral,2.630458954404196,2.690335006024056
ET0505,12,2027-06,pastoral,2.4246712747512267,2.5968145488669574
ET0506,12,2027-06,pastoral,2.4725813750699683,2.596310106467541
ET0507,12,2027-06,pastoral,2.60425353050232,2.698546882013971
ET0508,12,2027-06,pastoral,2.6008058467129067,2.7365836198023086
ET0509,12,2027-06,pastoral,2.3246769496246777,2.5847309020561196
ET0510,12,2027-06,pastoral,2.5903724754525577,2.6859671637113536
ET0511,12,2027-06,pastoral,2.3125992669015476,2.5607673645200557
ET0410,12,2027-06,agropastoral,2.6247397633263887,2.3745513599847277
ET0502,12,2027-06,agropastoral,2.112027603218887,1.9241923879281808
ET0707,12,2027-06,agropastoral,2.121533537757798,1.9820481079495162
ET0712,12,2027-06,agropastoral,1.989478533036801,1.9723552142299063
ET1201,12,2027-06,agropastoral,1.0745607614517212,1.0553224841901963
ET0101,12,2027-06,crop_farming,2.157072850027618,2.317224141991929
ET0102,12,2027-06,crop_farming,2.1568638471793844,2.357662986159709
ET0103,12,2027-06,crop_farming,2.3180749635923457,2.2045000406623525
ET0104,12,2027-06,crop_farming,2.0838790857902203,2.239627014147551
ET0105,12,2027-06,crop_farming,1.3304935907789006,1.667363074112545
ET0106,12,2027-06,crop_farming,2.2539081879053717,2.2623393153920084
ET0107,12,2027-06,crop_farming,1.9763251319527617,2.2060475378155746
ET0301,12,2027-06,crop_farming,2.070158568112754,2.227393638547394
ET0302,12,2027-06,crop_farming,1.6140275181073334,1.7240181877389715
ET0303,12,2027-06,crop_farming,2.244885497934226,2.2645728615969936
ET0304,12,2027-06,crop_farming,1.9769943042833964,1.967939627009852
ET0305,12,2027-06,crop_farming,1.4583440920430566,1.5761509679025254
ET0306,12,2027-06,crop_farming,1.1172318390235751,1.0942961133305047
ET0307,12,2027-06,crop_farming,1.0841520739060577,1.0200428518657136
ET0308,12,2027-06,crop_farming,2.0901088728228254,2.268212362347487
ET0309,12,2027-06,crop_farming,1.083904102444649,1.018714451607084
ET0310,12,2027-06,crop_farming,1.8459643891346524,1.8642989711347067
ET0311,12,2027-06,crop_farming,1.3129837402692024,1.2789096848645614
ET0312,12,2027-06,crop_farming,1.083904102444649,1.0179737809202938
ET0401,12,2027-06,crop_farming,1.3057257268312312,1.2685646829013315
ET0402,12,2027-06,crop_farming,1.279014809241158,1.2512629902741232
ET0403,12,2027-06,crop_farming,1.0839041024446487,1.0187144516070838
ET0404,12,2027-06,crop_farming,1.083904102444649,1.0190542232222046
ET0405,12,2027-06,crop_farming,1.083904102444649,1.018714451607084
ET0406,12,2027-06,crop_farming,1.1208190032745635,1.100134918760831
ET0407,12,2027-06,crop_farming,1.5243315408467804,1.6349653443664538
ET0408,12,2027-06,crop_farming,1.618860486266509,1.7483990315685765
ET0409,12,2027-06,crop_farming,2.1159445266963917,2.318275200560286
ET0413,12,2027-06,crop_farming,1.115688758410857,1.046148699088125
ET0416,12,2027-06,crop_farming,1.0839041024446487,1.0187144516070838
ET0417,12,2027-06,crop_farming,1.5836142699545501,1.660132060339551
ET0418,12,2027-06,crop_farming,1.0853462679877668,1.0188604321482158
ET0419,12,2027-06,crop_farming,1.5401244586933664,1.6077541114394922
ET0420,12,2027-06,crop_farming,1.0839041024446487,1.0209983586416966
ET0602,12,2027-06,crop_farming,1.0839041024446487,1.0179605746919467
ET0603,12,2027-06,crop_farming,1.1202596934713303,1.0581571850526472
ET0604,12,2027-06,crop_farming,1.15471667505237,1.0968180962043188
ET0605,12,2027-06,crop_farming,1.187624332584301,1.1662730247678954
ET0701,12,2027-06,crop_farming,1.553629315471607,1.6364723253977596
ET0702,12,2027-06,crop_farming,1.5861225565265802,1.6504744720380753
ET0703,12,2027-06,crop_farming,2.1941261727943298,2.2109271653063174
ET0705,12,2027-06,crop_farming,2.0643878258106194,2.14665815015228
ET0706,12,2027-06,crop_farming,2.137975115806553,2.3315875395478156
ET0710,12,2027-06,crop_farming,2.133353635594516,2.4401883412316003
ET0713,12,2027-06,crop_farming,2.234396980490274,2.466272539791927
ET0714,12,2027-06,crop_farming,1.46785147871748,1.7433674398441403
ET0715,12,2027-06,crop_farming,1.9768516142753148,1.842903460424969
ET0716,12,2027-06,crop_farming,1.1450375913095419,1.0731316270539495
ET0720,12,2027-06,crop_farming,1.6330325057057549,1.713604217281963
ET0721,12,2027-06,crop_farming,2.2369567940552266,2.475813670056334
ET0722,12,2027-06,crop_farming,2.264373365516351,2.5177305791823184
ET0723,12,2027-06,crop_farming,2.211039125919342,2.483190869125503
ET0724,12,2027-06,crop_farming,1.0839041024446487,1.0193885015500526
ET1101,12,2027-06,crop_farming,1.0839041024446487,1.0187144516070838
ET1102,12,2027-06,crop_farming,1.16760763640048,1.2466415925350136
ET1103,12,2027-06,crop_farming,1.0839041024446487,1.0187144516070838
ET1104,12,2027-06,crop_farming,1.3715270490032982,1.6670065861164214
ET1105,12,2027-06,crop_farming,1.1095688099492662,1.0215673215060417
ET1106,12,2027-06,crop_farming,1.1145637861977438,1.045072884129846
ET1202,12,2027-06,crop_farming,1.0839041024446485,1.0170671648521874
ET1203,12,2027-06,crop_farming,1.0839041024446485,1.0187144516070836
ET1204,12,2027-06,crop_farming,1.083904102444649,1.0170671648521878
ET1301,12,2027-06,crop_farming,1.4285949392821629,1.549309265095932
ET1401,12,2027-06,crop_farming,1.0839041024446487,1.0187144516070838
ET1501,12,2027-06,crop_farming,1.5009117514964605,1.577705381042743
ET1502,12,2027-06,crop_farming,1.9356629957728542,1.8324896020730528
ET1600,12,2027-06,crop_farming,2.024042735273131,1.843864650419782
